NUM,Pot ,Plant,TreatmentGroup,Exp1Group,DateCollected,DateOven,DateWeighed,OvenUsed,Mass_g,,,,,,,
1,173,Manuka Sapling,9,2,26/04/2024,17/05/2024,22/05/2024,contherm,8.5,,,,,,,
2,173,Wattle,9,2,26/04/2024,17/05/2024,22/05/2024,contherm,0.5,,,,,,,
3,173,Privet,9,2,26/04/2024,17/05/2024,22/05/2024,contherm,0.5,,,,,,,
4,173,Nightshade,9,2,26/04/2024,17/05/2024,22/05/2024,contherm,14,,,,,,,
5,13,Manuka Sapling,16,4,26/04/2024,17/05/2024,22/05/2024,contherm,7,,,,,,,
6,13,Manuka Seedling,16,4,26/04/2024,17/05/2024,22/05/2024,contherm,0.5,,,,,,,
7,13,Wattle,16,4,26/04/2024,17/05/2024,22/05/2024,contherm,0.25,,,,,,,
8,13,Nightshade,16,4,26/04/2024,17/05/2024,22/05/2024,contherm,12,,,,,,,
9,45,Manuka Sapling,13,3,5/01/2024,21/05/2024,25/04/2024,contherm,4,,,,,,,
10,45,Manuka Seedling,13,3,5/01/2024,21/05/2024,25/04/2024,contherm,0.5,,,,,,,
11,45,Privet,13,3,5/01/2024,21/05/2024,25/04/2024,contherm,0.5,,,,,,,
12,45,Nightshade,13,3,,,,,,,,,,,,
13,117,Manuka Sapling,16,4,26/04/2024,17/05/2024,22/05/2024,contherm,11,,,,,,,
14,117,Manuka Seedling,16,4,26/04/2024,17/05/2024,22/05/2024,contherm,2.5,,,,,,,
15,117,Wattle,16,4,26/04/2024,17/05/2024,22/05/2024,contherm,1,,,,,,,
16,117,Nightshade,16,4,26/04/2024,17/05/2024,22/05/2024,contherm,7.5,,,,,,,
17,59,Manuka Sapling,13,3,5/01/2024,21/05/2024,25/04/2024,contherm,4,,,,,,,
18,59,Manuka Seedling,13,3,5/01/2024,21/05/2024,25/04/2024,contherm,1,,,,,,,
19,59,Privet,13,3,5/01/2024,21/05/2024,25/04/2024,contherm,1,,,,,,,
20,59,Nightshade,13,3,5/01/2024,21/05/2024,25/04/2024,contherm,0.5,,,,,,,
21,89,Manuka Sapling,4,4,,,,,,,,,,,,
22,89,Manuka Seedling,4,4,26/04/2024,17/05/2024,22/05/2024,contherm,0.5,,,,,,,
23,89,Wattle,4,4,26/04/2024,17/05/2024,22/05/2024,contherm,0.1,,,,,,,
24,89,Nightshade,4,4,26/04/2024,17/05/2024,22/05/2024,contherm,2.5,,,,,,,
25,205,Manuka Sapling,3,3,,,,,,,,,,,,
26,205,Manuka Seedling,3,3,,,,,,,,,,,,
27,205,Privet,3,3,5/01/2024,21/05/2024,25/04/2024,contherm,1,,,,,,,
28,205,Nightshade,3,3,5/01/2024,21/05/2024,25/04/2024,contherm,1,,,,,,,
29,116,Manuka Sapling,5,5,,,,,,,,,,,,
30,116,Manuka Seedling,5,5,,,,,,,,,,,,
31,116,Wattle,5,5,,,,,,,,,,,,
32,116,Privet,5,5,5/09/2024,21/05/2024,25/04/2024,Jouan,2,,,,,,,
33,31,Manuka Sapling,6,6,5/01/2024,21/05/2024,25/04/2024,contherm,10,,,,,,,
34,31,Nightshade,6,6,5/01/2024,21/05/2024,25/04/2024,contherm,1,,,,,,,
35,31,Nightshade,6,6,5/01/2024,21/05/2024,25/04/2024,contherm,0.25,,,,,,,
36,31,Nightshade,6,6,5/01/2024,21/05/2024,25/04/2024,contherm,0.25,,,,,,,
37,34,Manuka Sapling,3,3,,,,,,,,,,,,
38,34,Manuka Seedling,3,3,5/01/2024,21/05/2024,25/04/2024,contherm,0.5,,,,,,,
39,34,Privet,3,3,5/01/2024,21/05/2024,25/04/2024,contherm,1,,,,,,,
40,34,Nightshade,3,3,5/01/2024,21/05/2024,25/04/2024,contherm,3,,,,,,,
41,247,Manuka Sapling,9,2,,,,,,,,,,,,
42,247,Wattle,9,2,26/04/2024,17/05/2024,22/05/2024,contherm,0.5,,,,,,,
43,247,Privet,9,2,26/04/2024,17/05/2024,22/05/2024,contherm,5,,,,,,,
44,247,Nightshade,9,2,26/04/2024,17/05/2024,22/05/2024,contherm,5,,,,,,,
45,6,Manuka Sapling,1,1,5/01/2024,21/05/2024,25/04/2024,contherm,0.75,,,,,,,
46,6,Manuka Seedling,1,1,5/01/2024,21/05/2024,25/04/2024,contherm,1,,,,,,,
47,6,Manuka Seedling,1,1,5/01/2024,21/05/2024,25/04/2024,contherm,1,,,,,,,
48,6,Manuka Seedling,1,1,5/01/2024,21/05/2024,25/04/2024,contherm,0.5,,,,,,,
49,137,Manuka Sapling,13,3,,,,,,,,,,,,
50,137,Manuka Seedling,13,3,5/01/2024,21/05/2024,25/04/2024,contherm,1,,,,,,,
51,137,Privet,13,3,5/01/2024,21/05/2024,25/04/2024,contherm,2,,,,,,,
52,137,Nightshade,13,3,5/01/2024,21/05/2024,25/04/2024,contherm,7,,,,,,,
53,176,Manuka Sapling,10,2,13/05/2024,21/05/2024,25/04/2024,Jouan,5.5,,,,,,,
54,176,Wattle,10,2,13/05/2024,21/05/2024,25/04/2024,Jouan,0.1,,,,,,,
55,176,Privet,10,2,13/05/2024,21/05/2024,25/04/2024,Jouan,5,,,,,,,
56,176,Nightshade,10,2,13/05/2024,21/05/2024,25/04/2024,Jouan,4,,,,,,,
57,193,Manuka Sapling,10,2,,,,,,,,,,,,
58,193,Wattle,10,2,13/05/2024,21/05/2024,25/04/2024,Jouan,0.25,,,,,,,
59,193,Privet,10,2,13/05/2024,21/05/2024,25/04/2024,Jouan,3.5,,,,,,,
60,193,Nightshade,10,2,13/05/2024,21/05/2024,25/04/2024,Jouan,1.5,,,,,,,
61,99,Manuka Sapling,5,5,,,,,,,,,,,,
62,99,Manuka Seedling,5,5,26/04/2024,17/05/2024,22/05/2024,contherm,1,,,,,,,
63,99,Wattle,5,5,26/04/2024,17/05/2024,22/05/2024,contherm,29,,,,,,,
64,99,Privet,5,5,26/04/2024,17/05/2024,22/05/2024,contherm,3,,,,,,,
65,47,Manuka Sapling,15,3,,,,,,,,,,,,
66,47,Manuka Seedling,15,3,5/01/2024,21/05/2024,25/04/2024,contherm,0.5,,,,,,,
67,47,Privet,15,3,5/01/2024,21/05/2024,25/04/2024,contherm,1,,,,,,,
68,47,Nightshade,15,3,5/01/2024,21/05/2024,25/04/2024,contherm,5,,,,,,,
69,157,Manuka Sapling,2,2,,,,,,,,,,,,
70,157,Wattle,2,2,5/09/2024,21/05/2024,25/04/2024,Jouan,0.1,,,,,,,
71,157,Privet,2,2,5/09/2024,21/05/2024,25/04/2024,Jouan,3.5,,,,,,,
72,157,Nightshade,2,2,5/09/2024,21/05/2024,25/04/2024,Jouan,10,,,,,,,
73,11,Manuka Sapling,21,5,5/09/2024,21/05/2024,25/04/2024,contherm,60,,,,,,,
74,11,Manuka Seedling,21,5,26/04/2024,17/05/2024,22/05/2024,contherm,0.5,,,,,,,
75,11,Wattle,21,5,26/04/2024,17/05/2024,22/05/2024,contherm,54,,,,,,,
76,11,Privet,21,5,26/04/2024,17/05/2024,22/05/2024,contherm,4,,,,,,,
77,93,Manuka Sapling,7,7,,,,,,,,,,,,
78,93,Wattle,7,7,,,,,,,,,,,,
79,93,Wattle,7,7,,,,,,,,,,,,
80,93,Wattle,7,7,,,,,,,,,,,,
81,62,Manuka Sapling,2,2,,,,,,,,,,,,
82,62,Manuka Seedling,2,2,,,,,0.5,,,,,,,
83,62,Wattle,2,2,26/04/2024,17/05/2024,22/05/2024,contherm,0.25,,,,,,,
84,62,Privet,2,2,26/04/2024,17/05/2024,22/05/2024,contherm,13,,,,,,,
85,180,Manuka Sapling,7,7,,,,,,,,,,,,
86,180,Wattle,7,7,26/04/2024,17/05/2024,22/05/2024,contherm,0.25,,,,,,,
87,180,Wattle,7,7,26/04/2024,17/05/2024,22/05/2024,contherm,0.5,,,,,,,
88,180,Wattle,7,7,26/04/2024,17/05/2024,22/05/2024,contherm,0.25,,,,,,,
89,85,Manuka Sapling,14,3,,,,,,,,,,,,
90,85,Manuka Seedling,14,3,5/01/2024,21/05/2024,25/04/2024,contherm,1.5,,,,,,,
91,85,Privet,14,3,5/01/2024,21/05/2024,25/04/2024,contherm,1,,,,,,,
92,85,Nightshade,14,3,5/01/2024,21/05/2024,25/04/2024,contherm,4,,,,,,,
93,175,Manuka Sapling,19,5,26/04/2024,17/05/2024,22/05/2024,contherm,12,,,,,,,
94,175,Manuka Seedling,19,5,26/04/2024,17/05/2024,22/05/2024,contherm,0.5,,,,,,,
95,175,Wattle,19,5,26/04/2024,17/05/2024,22/05/2024,contherm,6,,,,,,,
96,175,Privet,19,5,26/04/2024,17/05/2024,22/05/2024,contherm,0.5,,,,,,,
97,203,Manuka Sapling,7,7,,,,,,,,,,,,
98,203,Wattle,7,7,,,,,,,,,,,,
99,203,Wattle,7,7,,,,,,,,,,,,
100,203,Wattle,7,7,,,,,,,,,,,,
101,235,Manuka Sapling,8,8,5/01/2024,21/05/2024,25/04/2024,contherm,7,,,,,,,
102,235,Privet,8,8,5/01/2024,21/05/2024,25/04/2024,contherm,8,,,,,,,
103,235,Privet,8,8,5/01/2024,21/05/2024,25/04/2024,contherm,6,,,,,,,
104,235,Privet,8,8,5/01/2024,21/05/2024,25/04/2024,contherm,4,,,,,,,
105,218,Manuka Sapling,19,5,27/04/2024,17/05/2024,22/05/2024,contherm,15,,,,,,,
106,218,Manuka Seedling,19,5,27/04/2024,17/05/2024,22/05/2024,contherm,1.5,,,,,,,
107,218,Wattle,19,5,27/04/2024,17/05/2024,22/05/2024,contherm,0.5,,,,,,,
108,218,Privet,19,5,27/04/2024,17/05/2024,22/05/2024,contherm,12,,,,,,,
109,186,Manuka Sapling,13,3,,,,,,,,,,,,
110,186,Manuka Seedling,13,3,,,,,,,,,,,,
111,186,Privet,13,3,5/09/2024,21/05/2024,25/04/2024,Jouan,3.5,,,,,,,
112,186,Nightshade,13,3,,,,,,,,,,,,
113,96,Manuka Sapling,18,4,26/04/2024,17/05/2024,22/05/2024,contherm,22,,,,,,,
114,96,Manuka Seedling,18,4,26/04/2024,17/05/2024,22/05/2024,contherm,1,,,,,,,
115,96,Wattle,18,4,26/04/2024,17/05/2024,22/05/2024,contherm,0.1,,,,,,,
116,96,Nightshade,18,4,26/04/2024,17/05/2024,22/05/2024,contherm,4,,,,,,,
117,124,Manuka Sapling,11,2,27/04/2024,17/05/2024,22/05/2024,contherm,13,,,,,,,
118,124,Wattle,11,2,27/04/2024,17/05/2024,22/05/2024,contherm,0.5,,,,,,,
119,124,Privet,11,2,27/04/2024,17/05/2024,22/05/2024,contherm,3,,,,,,,
120,124,Nightshade,11,2,27/04/2024,17/05/2024,22/05/2024,contherm,0.25,,,,,,,
121,130,Manuka Sapling,12,2,,,,,,,,,,,,
122,130,Wattle,12,2,,,,,,,,,,,,
123,130,Privet,12,2,5/09/2024,21/05/2024,25/04/2024,Jouan,4.5,,,,,,,
124,130,Nightshade,12,2,,,,,,,,,,,,
125,182,Manuka Sapling,19,5,,,,,,,,,,,,
126,182,Manuka Seedling,19,5,27/04/2024,17/05/2024,22/05/2024,contherm,0.5,,,,,,,
127,182,Wattle,19,5,27/04/2024,17/05/2024,22/05/2024,contherm,0.5,,,,,,,
128,182,Privet,19,5,27/04/2024,17/05/2024,22/05/2024,contherm,7,,,,,,,
129,74,Manuka Sapling,15,3,,,,,,,,,,,,
130,74,Manuka Seedling,15,3,,,,,,,,,,,,
131,74,Privet,15,3,,,,,,,,,,,,
132,74,Nightshade,15,3,5/09/2024,21/05/2024,25/04/2024,Jouan,2.5,,,,,,,
133,110,Manuka Sapling,13,3,,,,,,,,,,,,
134,110,Manuka Seedling,13,3,5/09/2024,21/05/2024,25/04/2024,Jouan,0.1,,,,,,,
135,110,Privet,13,3,,,,,,,,,,,,
136,110,Nightshade,13,3,,,,,,,,,,,,
137,225,Manuka Sapling,7,7,5/09/2024,21/05/2024,25/04/2024,Jouan,1.5,,,,,,,
138,225,Wattle,7,7,26/04/2024,17/05/2024,22/05/2024,contherm,1,,,,,,,
139,225,Wattle,7,7,26/04/2024,17/05/2024,22/05/2024,contherm,0.5,,,,,,,
140,225,Wattle,7,7,26/04/2024,17/05/2024,22/05/2024,contherm,0.25,,,,,,,
141,51,Manuka Sapling,16,4,,,,,,,,,,,,
142,51,Manuka Seedling,16,4,27/04/2024,17/05/2024,22/05/2024,contherm,2.5,,,,,,,
143,51,Wattle,16,4,27/04/2024,17/05/2024,22/05/2024,contherm,0.5,,,,,,,
144,51,Nightshade,16,4,27/04/2024,17/05/2024,22/05/2024,contherm,6,,,,,,,
145,122,Manuka Sapling,4,4,,,,,,,,,,,,
146,122,Manuka Seedling,4,4,5/09/2024,21/05/2024,25/04/2024,Jouan,0.5,,,,,,,
147,122,Wattle,4,4,,,,,,,,,,,,
148,122,Nightshade,4,4,,,,,,,,,,,,
149,135,Manuka Sapling,11,2,,,,,,,,,,,,
150,135,Wattle,11,2,,,,,,,,,,,,
151,135,Privet,11,2,,,,,,,,,,,,
152,135,Nightshade,11,2,5/09/2024,21/05/2024,25/04/2024,Jouan,1.5,,,,,,,
153,73,Manuka Sapling,7,7,,,,,,,,,,,,
154,73,Wattle,7,7,27/04/2024,17/05/2024,22/05/2024,contherm,0.1,,,,,,,
155,73,Wattle,7,7,27/04/2024,17/05/2024,22/05/2024,contherm,0.5,,,,,,,
156,73,Wattle,7,7,,,,,,,,,,,,
157,27,Manuka Sapling,3,3,5/01/2024,21/05/2024,25/04/2024,contherm,1,,,,,,,
158,27,Manuka Seedling,3,3,5/01/2024,21/05/2024,25/04/2024,contherm,1,,,,,,,
159,27,Privet,3,3,5/01/2024,21/05/2024,25/04/2024,contherm,2,,,,,,,
160,27,Nightshade,3,3,5/01/2024,21/05/2024,25/04/2024,contherm,8,,,,,,,
161,181,Manuka Sapling,9,2,,,,,,,,,,,,
162,181,Wattle,9,2,27/04/2024,17/05/2024,22/05/2024,contherm,0.25,,,,,,,
163,181,Privet,9,2,27/04/2024,17/05/2024,22/05/2024,contherm,4,,,,,,,
164,181,Nightshade,9,2,27/04/2024,17/05/2024,22/05/2024,contherm,0.5,,,,,,,
165,70,Manuka Sapling,4,4,,,,,,,,,,,,
166,70,Manuka Seedling,4,4,,,,,,,,,,,,
167,70,Wattle,4,4,5/09/2024,21/05/2024,25/04/2024,Jouan,45,,,,,,,
168,70,Nightshade,4,4,,,,,,,,,,,,
169,255,Manuka Sapling,11,2,,,,,,,,,,,,
170,255,Wattle,11,2,,,,,,,,,,,,
171,255,Privet,11,2,,,,,,,,,,,,
172,255,Nightshade,11,,,,,,,,,,,,,
173,184,Manuka Sapling,6,6,5/01/2024,21/05/2024,25/04/2024,contherm,8,,,,,,,
174,184,Nightshade,6,6,5/01/2024,21/05/2024,25/04/2024,contherm,0.75,,,,,,,
175,184,Nightshade,6,6,5/01/2024,21/05/2024,25/04/2024,contherm,0.5,,,,,,,
176,184,Nightshade,6,6,5/01/2024,21/05/2024,25/04/2024,contherm,1,,,,,,,
177,224,Manuka Sapling,10,2,,,,,,,,,,,,
178,224,Wattle,10,2,5/09/2024,21/05/2024,25/04/2024,Jouan,0.1,,,,,,,
179,224,Privet,10,2,5/09/2024,21/05/2024,25/04/2024,Jouan,5,,,,,,,
180,224,Nightshade,10,2,5/09/2024,21/05/2024,25/04/2024,Jouan,4.5,,,,,,,
181,98,Manuka Sapling,8,8,5/01/2024,21/05/2024,25/04/2024,contherm,15,,,,,,,
182,98,Privet,8,8,5/01/2024,21/05/2024,25/04/2024,contherm,7,,,,,,,
183,98,Privet,8,8,5/01/2024,21/05/2024,25/04/2024,contherm,13,,,,,,,
184,98,Privet,8,8,5/01/2024,21/05/2024,25/04/2024,contherm,17,,,,,,,
185,230,Manuka Sapling,20,5,,,,,,,,,,,,
186,230,Manuka Seedling,20,5,,,,,,,,,,,,
187,230,Wattle,20,5,5/09/2024,21/05/2024,25/04/2024,Jouan,0.1,,,,,,,
188,230,Privet,20,5,,,,,,,,,,,,
189,243,Manuka Sapling,8,8,,,,,,,,,,,,
190,243,Privet,8,8,5/01/2024,21/05/2024,25/04/2024,contherm,3,,,,,,,
191,243,Privet,8,8,5/01/2024,21/05/2024,25/04/2024,contherm,7,,,,,,,
192,243,Privet,8,8,5/01/2024,21/05/2024,25/04/2024,contherm,6,,,,,,,
193,113,Manuka Sapling,16,4,,,,,,,,,,,,
194,113,Manuka Seedling,16,4,5/09/2024,21/05/2024,25/04/2024,Jouan,0.5,,,,,,,
195,113,Wattle,16,4,,,,,,,,,,,,
196,113,Nightshade,16,4,,,,,,,,,,,,
197,29,Manuka Sapling,17,4,,,,,,,,,,,,
198,29,Manuka Seedling,17,4,27/04/2024,17/05/2024,22/05/2024,contherm,1,,,,,,,
199,29,Wattle,17,4,27/04/2024,17/05/2024,22/05/2024,contherm,0.25,,,,,,,
200,29,Nightshade,17,4,27/04/2024,17/05/2024,22/05/2024,contherm,3.5,,,,,,,
201,212,Manuka Sapling,9,2,,,,,,,,,,,,
202,212,Wattle,9,2,27/04/2024,17/05/2024,22/05/2024,contherm,0.5,,,,,,,
203,212,Privet,9,2,27/04/2024,17/05/2024,22/05/2024,contherm,2,,,,,,,
204,212,Nightshade,9,2,27/04/2024,17/05/2024,22/05/2024,contherm,1.5,,,,,,,
205,87,Manuka Sapling,20,5,,,,,,,,,,,,
206,87,Manuka Seedling,20,5,27/04/2024,17/05/2024,22/05/2024,contherm,6,,,,,,,
207,87,Wattle,20,5,27/04/2024,17/05/2024,22/05/2024,contherm,0.5,,,,,,,
208,87,Privet,20,5,27/04/2024,17/05/2024,22/05/2024,contherm,1.5,,,,,,,
209,25,Manuka Sapling,15,3,5/01/2024,21/05/2024,25/04/2024,contherm,5.5,,,,,,,
210,25,Manuka Seedling,15,3,5/01/2024,21/05/2024,25/04/2024,contherm,0.5,,,,,,,
211,25,Privet,15,3,5/01/2024,21/05/2024,25/04/2024,contherm,0.25,,,,,,,
212,25,Nightshade,15,3,5/01/2024,21/05/2024,25/04/2024,contherm,3,,,,,,,
213,50,Manuka Sapling,8,8,5/01/2024,21/05/2024,25/04/2024,contherm,1,,,,,,,
214,50,Privet,8,8,5/01/2024,21/05/2024,25/04/2024,contherm,5,,,,,,,
215,50,Privet,8,8,5/01/2024,21/05/2024,25/04/2024,contherm,5,,,,,,,
216,50,Privet,8,8,5/01/2024,21/05/2024,25/04/2024,contherm,4,,,,,,,
217,154,Manuka Sapling,12,2,,,,,,,,,,,,
218,154,Wattle,12,2,27/04/2024,17/05/2024,22/05/2024,contherm,0.5,,,,,,,
219,154,Privet,12,2,27/04/2024,17/05/2024,22/05/2024,contherm,1.5,,,,,,,
220,154,Nightshade,12,2,27/04/2024,17/05/2024,22/05/2024,contherm,1,,,,,,,
221,103,Manuka Sapling,12,2,27/04/2024,17/05/2024,22/05/2024,contherm,2.5,,,,,,,
222,103,Wattle,12,2,,,,,,,,,,,,
223,103,Privet,12,2,27/04/2024,17/05/2024,22/05/2024,contherm,3,,,,,,,
224,103,Nightshade,12,2,27/04/2024,17/05/2024,22/05/2024,contherm,2.5,,,,,,,
225,24,Manuka Sapling,2,2,,,,,,,,,,,,
226,24,Wattle,2,2,27/04/2024,17/05/2024,22/05/2024,contherm,0.5,,,,,,,
227,24,Privet,2,2,27/04/2024,17/05/2024,22/05/2024,contherm,0.5,,,,,,,
228,24,Nightshade,2,2,27/04/2024,17/05/2024,22/05/2024,contherm,9,,,,,,,
229,221,Manuka Sapling,2,2,,,,,,,,,,,,
230,221,Wattle,2,2,5/09/2024,21/05/2024,25/04/2024,Jouan,1.5,,,,,,,
231,221,Privet,2,2,,,,,,,,,,,,
232,221,Nightshade,2,2,,,,,,,,,,,,
233,109,Manuka Sapling,5,5,,,,,,,,,,,,
234,109,Manuka Seedling,5,5,27/04/2024,17/05/2024,22/05/2024,contherm,2.5,,,,,,,
235,109,Wattle,5,5,,,,,,,,,,,,
236,109,Privet,5,5,27/04/2024,17/05/2024,22/05/2024,contherm,2.5,,,,,,,
237,162,Manuka Sapling,16,4,,,,,,,,,,,,
238,162,Manuka Seedling,16,4,27/04/2024,17/05/2024,22/05/2024,contherm,0.5,,,,,,,
239,162,Wattle,16,4,,,,,,,,,,,,
240,162,Nightshade,16,4,27/04/2024,17/05/2024,22/05/2024,contherm,0.5,,,,,,,
241,101,Manuka Sapling,12,2,,,,,,,,,,,,
242,101,Wattle,12,2,27/04/2024,17/05/2024,22/05/2024,contherm,1.5,,,,,,,
243,101,Privet,12,2,27/04/2024,17/05/2024,22/05/2024,contherm,6,,,,,,,
244,101,Nightshade,12,2,27/04/2024,17/05/2024,22/05/2024,contherm,0.25,,,,,,,
245,174,Manuka Sapling,9,2,,,,,,,,,,,,
246,174,Wattle,9,2,5/09/2024,21/05/2024,25/04/2024,Jouan,0.5,,,,,,,
247,174,Privet,9,2,,,,,,,,,,,,
248,174,Nightshade,9,2,,,,,,,,,,,,
249,201,Manuka Sapling,4,4,,,,,,,,,,,,
250,201,Manuka Seedling,4,4,27/04/2024,17/05/2024,22/05/2024,contherm,1,,,,,,,
251,201,Wattle,4,4,,,,,,,,,,,,
252,201,Nightshade,4,4,27/04/2024,17/05/2024,22/05/2024,contherm,3.75,,,,,,,
253,66,Manuka Sapling,6,6,,,,,,,,,,,,
254,66,Nightshade,6,6,5/01/2024,21/05/2024,25/04/2024,contherm,0.5,,,,,,,
255,66,Nightshade,6,6,5/01/2024,21/05/2024,25/04/2024,contherm,2,,,,,,,
256,66,Nightshade,6,6,5/01/2024,21/05/2024,25/04/2024,contherm,1,,,,,,,
257,72,Manuka Sapling,19,5,,,,,,,,,,,,
258,72,Manuka Seedling,19,5,27/04/2024,17/05/2024,22/05/2024,contherm,1,,,,,,,
259,72,Wattle,19,5,27/04/2024,17/05/2024,22/05/2024,contherm,37,,,,,,,
260,72,Privet,19,5,27/04/2024,17/05/2024,22/05/2024,contherm,2,,,,,,,
261,22,Manuka Sapling,1,1,,,,,,,,,,,,
262,22,Manuka Seedling,1,1,5/01/2024,21/05/2024,25/04/2024,contherm,0.25,,,,,,,
263,22,Manuka Seedling,1,1,5/01/2024,21/05/2024,25/04/2024,contherm,0.25,,,,,,,
264,22,Manuka Seedling,1,1,5/01/2024,21/05/2024,25/04/2024,contherm,0.25,,,,,,,
265,169,Manuka Sapling,7,7,,,,,,,,,,,,
266,169,Wattle,7,7,27/04/2024,17/05/2024,22/05/2024,contherm,0.5,,,,,,,
267,169,Wattle,7,7,27/04/2024,17/05/2024,22/05/2024,contherm,0.25,,,,,,,
268,169,Wattle,7,7,27/04/2024,17/05/2024,22/05/2024,contherm,0.5,,,,,,,
269,108,Manuka Sapling,6,6,5/01/2024,21/05/2024,25/04/2024,contherm,25,,,,,,,
270,108,Nightshade,6,6,5/01/2024,21/05/2024,25/04/2024,contherm,0.25,,,,,,,
271,108,Nightshade,6,6,5/01/2024,21/05/2024,25/04/2024,contherm,0.5,,,,,,,
272,108,Nightshade,6,6,5/01/2024,21/05/2024,25/04/2024,contherm,0.25,,,,,,,
273,36,Manuka Sapling,3,3,,,,,,,,,,,,
274,36,Manuka Seedling,3,3,5/01/2024,21/05/2024,25/04/2024,contherm,1,,,,,,,
275,36,Privet,3,3,5/01/2024,21/05/2024,25/04/2024,contherm,0.5,,,,,,,
276,36,Nightshade,3,3,5/01/2024,21/05/2024,25/04/2024,contherm,1,,,,,,,
277,194,Manuka Sapling,20,5,,,,,,,,,,,,
278,194,Manuka Seedling,20,5,,,,,,,,,,,,
279,194,Wattle,20,5,5/09/2024,21/05/2024,25/04/2024,Jouan,8.5,,,,,,,
280,194,Privet,20,5,,,,,,,,,,,,
281,209,Manuka Sapling,7,7,,,,,,,,,,,,
282,209,Wattle,7,7,27/04/2024,17/05/2024,22/05/2024,contherm,1,,,,,,,
283,209,Wattle,7,7,27/04/2024,17/05/2024,22/05/2024,contherm,3,,,,,,,
284,209,Wattle,7,7,,,,,,,,,,,,
285,49,Manuka Sapling,17,4,,,,,,,,,,,,
286,49,Manuka Seedling,17,4,,,,,,,,,,,,
287,49,Wattle,17,4,,,,,,,,,,,,
288,49,Nightshade,17,4,5/09/2024,21/05/2024,25/04/2024,Jouan,0.5,,,,,,,
289,146,Manuka Sapling,21,5,,,,,,,,,,,,
290,146,Manuka Seedling,21,5,,,,,,,,,,,,
291,146,Wattle,21,5,27/04/2024,17/05/2024,22/05/2024,contherm,1,,,,,,,
292,146,Privet,21,5,27/04/2024,17/05/2024,22/05/2024,contherm,5,,,,,,,
293,56,Manuka Sapling,21,5,,,,,,,,,,,,
294,56,Manuka Seedling,21,5,27/04/2024,17/05/2024,22/05/2024,contherm,0.5,,,,,,,
295,56,Wattle,21,5,27/04/2024,17/05/2024,22/05/2024,contherm,20,,,,,,,
296,56,Privet,21,5,27/04/2024,17/05/2024,22/05/2024,contherm,4,,,,,,,
297,237,Manuka Sapling,15,3,,,,,,,,,,,,
298,237,Manuka Seedling,15,3,5/09/2024,21/05/2024,25/04/2024,Jouan,3.5,,,,,,,
299,237,Privet,15,3,,,,,,,,,,,,
300,237,Nightshade,15,3,,,,,,,,,,,,
301,223,Manuka Sapling,19,5,,,,,,,,,,,,
302,223,Manuka Seedling,19,5,27/04/2024,17/05/2024,22/05/2024,contherm,2,,,,,,,
303,223,Wattle,19,5,27/04/2024,17/05/2024,22/05/2024,contherm,0.5,,,,,,,
304,223,Privet,19,5,27/04/2024,17/05/2024,22/05/2024,contherm,20,,,,,,,
305,239,Manuka Sapling,12,2,,,,,,,,,,,,
306,239,Wattle,12,2,27/04/2024,17/05/2024,22/05/2024,contherm,0.25,,,,,,,
307,239,Privet,12,2,27/04/2024,17/05/2024,22/05/2024,contherm,3.5,,,,,,,
308,239,Nightshade,12,2,27/04/2024,17/05/2024,22/05/2024,contherm,0.5,,,,,,,
309,144,Manuka Sapling,17,4,,,,,,,,,,,,
310,144,Manuka Seedling,17,4,27/04/2024,17/05/2024,22/05/2024,contherm,0.5,,,,,,,
311,144,Wattle,17,4,27/04/2024,17/05/2024,22/05/2024,contherm,0.5,,,,,,,
312,144,Nightshade,17,4,27/04/2024,17/05/2024,22/05/2024,contherm,3,,,,,,,
313,227,Manuka Sapling,9,2,27/04/2024,17/05/2024,22/05/2024,contherm,6,,,,,,,
314,227,Wattle,9,2,27/04/2024,17/05/2024,22/05/2024,contherm,1,,,,,,,
315,227,Privet,9,2,27/04/2024,17/05/2024,22/05/2024,contherm,4,,,,,,,
316,227,Nightshade,9,2,27/04/2024,17/05/2024,22/05/2024,contherm,2,,,,,,,
317,102,Manuka Sapling,7,7,,,,,,,,,,,,
318,102,Wattle,7,7,27/04/2024,17/05/2024,22/05/2024,contherm,0.25,,,,,,,
319,102,Wattle,7,7,27/04/2024,17/05/2024,22/05/2024,contherm,0.25,,,,,,,
320,102,Wattle,7,7,27/04/2024,17/05/2024,22/05/2024,contherm,0.25,,,,,,,
321,216,Manuka Sapling,3,3,,,,,,,,,,,,
322,216,Manuka Seedling,3,3,,,,,,,,,,,,
323,216,Privet,3,3,,,,,,,,,,,,
324,216,Nightshade,3,3,5/09/2024,21/05/2024,25/04/2024,Jouan,9.5,,,,,,,
325,48,Manuka Sapling,18,4,,,,,,,,,,,,
326,48,Manuka Seedling,18,4,27/04/2024,17/05/2024,22/05/2024,contherm,1,,,,,,,
327,48,Wattle,18,4,,,,,,,,,,,,
328,48,Nightshade,18,4,27/04/2024,17/05/2024,22/05/2024,contherm,2.5,,,,,,,
329,15,Manuka Sapling,5,5,,,,,,,,,,,,
330,15,Manuka Seedling,5,5,27/04/2024,17/05/2024,22/05/2024,contherm,0.5,,,,,,,
331,15,Wattle,5,5,,,,,,,,,,,,
332,15,Privet,5,5,27/04/2024,17/05/2024,22/05/2024,contherm,3,,,,,,,
333,120,Manuka Sapling,2,2,27/04/2024,17/05/2024,22/05/2024,contherm,7,,,,,,,
334,120,Wattle,2,2,27/04/2024,17/05/2024,22/05/2024,contherm,0.5,,,,,,,
335,120,Privet,2,2,27/04/2024,17/05/2024,22/05/2024,contherm,0.5,,,,,,,
336,120,Nightshade,2,2,27/04/2024,17/05/2024,22/05/2024,contherm,4,,,,,,,
337,5,Manuka Sapling,4,4,27/04/2024,17/05/2024,22/05/2024,contherm,10,,,,,,,
338,5,Manuka Seedling,4,4,27/04/2024,17/05/2024,22/05/2024,contherm,0.5,,,,,,,
339,5,Wattle,4,4,27/04/2024,17/05/2024,22/05/2024,contherm,0.5,,,,,,,
340,5,Nightshade,4,4,27/04/2024,17/05/2024,22/05/2024,contherm,3,,,,,,,
341,232,Manuka Sapling,18,4,27/04/2024,17/05/2024,22/05/2024,contherm,6,,,,,,,
342,232,Manuka Seedling,18,4,27/04/2024,17/05/2024,22/05/2024,contherm,1.5,,,,,,,
343,232,Wattle,18,4,,,,,,,,,,,,
344,232,Nightshade,18,4,27/04/2024,17/05/2024,22/05/2024,contherm,3,,,,,,,
345,145,Manuka Sapling,21,5,,,,,,,,,,,,
346,145,Manuka Seedling,21,5,27/04/2024,17/05/2024,22/05/2024,contherm,2.5,,,,,,,
347,145,Wattle,21,5,27/04/2024,17/05/2024,22/05/2024,contherm,0.5,,,,,,,
348,145,Privet,21,5,27/04/2024,17/05/2024,22/05/2024,contherm,1.5,,,,,,,
349,80,Manuka Sapling,10,2,27/04/2024,17/05/2024,22/05/2024,contherm,19,,,,,,,
350,80,Wattle,10,2,27/04/2024,17/05/2024,22/05/2024,contherm,0.1,,,,,,,
351,80,Privet,10,2,27/04/2024,17/05/2024,22/05/2024,contherm,0.5,,,,,,,
352,80,Nightshade,10,2,27/04/2024,17/05/2024,22/05/2024,contherm,1.5,,,,,,,
353,178,Manuka Sapling,3,3,,,,,,,,,,,,
354,178,Manuka Seedling,3,3,,,,,,,,,,,,
355,178,Privet,3,3,5/09/2024,21/05/2024,25/04/2024,Jouan,0.5,,,,,,,
356,178,Nightshade,3,3,,,,,,,,,,,,
357,76,Manuka Sapling,4,4,27/04/2024,17/05/2024,22/05/2024,contherm,17,,,,,,,
358,76,Manuka Seedling,4,4,27/04/2024,17/05/2024,22/05/2024,contherm,1,,,,,,,
359,76,Wattle,4,4,27/04/2024,17/05/2024,22/05/2024,contherm,1,,,,,,,
360,76,Nightshade,4,4,27/04/2024,17/05/2024,22/05/2024,contherm,6,,,,,,,
361,238,Manuka Sapling,5,5,27/04/2024,17/05/2024,22/05/2024,contherm,7.5,,,,,,,
362,238,Manuka Seedling,5,5,27/04/2024,17/05/2024,22/05/2024,contherm,1.5,,,,,,,
363,238,Wattle,5,5,27/04/2024,17/05/2024,22/05/2024,contherm,1,,,,,,,
364,238,Privet,5,5,27/04/2024,17/05/2024,22/05/2024,contherm,1.5,,,,,,,
365,150,Manuka Sapling,6,6,,,,,,,,,,,,
366,150,Nightshade,6,6,5/01/2024,21/05/2024,25/04/2024,contherm,1,,,,,,,
367,150,Nightshade,6,6,5/01/2024,21/05/2024,25/04/2024,contherm,1,,,,,,,
368,150,Nightshade,6,6,5/01/2024,21/05/2024,25/04/2024,contherm,0.5,,,,,,,
369,100,Manuka Sapling,11,2,27/04/2024,17/05/2024,22/05/2024,contherm,6,,,,,,,
370,100,Wattle,11,2,27/04/2024,17/05/2024,22/05/2024,contherm,0.25,,,,,,,
371,100,Privet,11,2,27/04/2024,17/05/2024,22/05/2024,contherm,6,,,,,,,
372,100,Nightshade,11,2,27/04/2024,17/05/2024,22/05/2024,contherm,1,,,,,,,
373,188,Manuka Sapling,4,4,,,,,,,,,,,,
374,188,Manuka Seedling,4,4,27/04/2024,17/05/2024,22/05/2024,contherm,0.25,,,,,,,
375,188,Wattle,4,4,27/04/2024,17/05/2024,22/05/2024,contherm,0.25,,,,,,,
376,188,Nightshade,4,4,27/04/2024,17/05/2024,22/05/2024,contherm,3,,,,,,,
377,192,Manuka Sapling,7,7,,,,,,,,,,,,
378,192,Wattle,7,7,27/04/2024,17/05/2024,22/05/2024,contherm,3,,,,,,,
379,192,Wattle,7,7,27/04/2024,17/05/2024,22/05/2024,contherm,5,,,,,,,
380,192,Wattle,7,7,,,,,,,,,,,,
381,196,Manuka Sapling,13,3,5/01/2024,19/05/2024,25/04/2024,Jouan,12,,,,,,,
382,196,Manuka Seedling,13,3,5/01/2024,19/05/2024,25/04/2024,Jouan,0.5,,,,,,,
383,196,Privet,13,3,5/01/2024,19/05/2024,25/04/2024,Jouan,1,,,,,,,
384,196,Nightshade,13,3,5/01/2024,19/05/2024,25/04/2024,Jouan,5.5,,,,,,,
385,58,Manuka Sapling,3,3,5/01/2024,19/05/2024,25/04/2024,Jouan,18,,,,,,,
386,58,Manuka Seedling,3,3,5/01/2024,21/05/2024,25/04/2024,contherm,0.25,,,,,,,
387,58,Privet,3,3,5/01/2024,21/05/2024,25/04/2024,contherm,4,,,,,,,
388,58,Nightshade,3,3,5/01/2024,21/05/2024,25/04/2024,contherm,6,,,,,,,
389,60,Manuka Sapling,11,2,27/04/2024,17/05/2024,22/05/2024,contherm,9,,,,,,,
390,60,Wattle,11,2,27/04/2024,17/05/2024,22/05/2024,contherm,0.25,,,,,,,
391,60,Privet,11,2,27/04/2024,17/05/2024,22/05/2024,contherm,1,,,,,,,
392,60,Nightshade,11,2,27/04/2024,17/05/2024,22/05/2024,contherm,4,,,,,,,
393,222,Manuka Sapling,8,8,5/01/2024,19/05/2024,25/04/2024,Jouan,11,,,,,,,
394,222,Privet,8,8,5/01/2024,19/05/2024,25/04/2024,Jouan,0.75,,,,,,,
395,222,Privet,8,8,5/01/2024,19/05/2024,25/04/2024,Jouan,5,,,,,,,
396,222,Privet,8,8,5/01/2024,19/05/2024,25/04/2024,Jouan,3,,,,,,,
397,38,Manuka Sapling,9,2,,,,,,,,,,,,
398,38,Wattle,9,2,27/04/2024,17/05/2024,22/05/2024,contherm,0.5,,,,,,,
399,38,Privet,9,2,27/04/2024,17/05/2024,22/05/2024,contherm,0.25,,,,,,,
400,38,Nightshade,9,2,27/04/2024,17/05/2024,22/05/2024,contherm,1.5,,,,,,,
401,187,Manuka Sapling,13,3,5/01/2024,19/05/2024,25/04/2024,Jouan,22,,,,,,,
402,187,Manuka Seedling,13,3,5/01/2024,19/05/2024,25/04/2024,Jouan,1,,,,,,,
403,187,Privet,13,3,5/01/2024,19/05/2024,25/04/2024,Jouan,1,,,,,,,
404,187,Nightshade,13,3,5/01/2024,19/05/2024,25/04/2024,Jouan,1,,,,,,,
405,198,Manuka Sapling,11,2,,,,,,,,,,,,
406,198,Wattle,11,2,27/04/2024,17/05/2024,22/05/2024,contherm,0.5,,,,,,,
407,198,Privet,11,2,27/04/2024,17/05/2024,22/05/2024,contherm,2.5,,,,,,,
408,198,Nightshade,11,2,27/04/2024,17/05/2024,22/05/2024,contherm,12,,,,,,,
409,37,Manuka Sapling,7,7,,,,,,,,,,,,
410,37,Wattle,7,7,27/04/2024,17/05/2024,22/05/2024,contherm,5,,,,,,,
411,37,Wattle,7,7,27/04/2024,17/05/2024,22/05/2024,contherm,0.5,,,,,,,
412,37,Wattle,7,7,,,,,,,,,,,,
413,40,Manuka Sapling,1,1,,,,,,,,,,,,
414,40,Manuka Seedling,1,1,5/01/2024,19/05/2024,25/04/2024,Jouan,1.5,,,,,,,
415,40,Manuka Seedling,1,1,5/01/2024,21/05/2024,25/04/2024,contherm,1,,,,,,,
416,40,Manuka Seedling,1,1,5/01/2024,21/05/2024,25/04/2024,contherm,0.25,,,,,,,
417,159,Manuka Sapling,2,2,,,,,,,,,,,,
418,159,Wattle,2,2,27/04/2024,17/05/2024,22/05/2024,contherm,0.5,,,,,,,
419,159,Privet,2,2,27/04/2024,17/05/2024,22/05/2024,contherm,1.5,,,,,,,
420,159,Nightshade,2,2,27/04/2024,17/05/2024,22/05/2024,contherm,1,,,,,,,
421,208,Manuka Sapling,17,4,27/04/2024,17/05/2024,22/05/2024,contherm,16,,,,,,,
422,208,Manuka Seedling,17,4,27/04/2024,17/05/2024,22/05/2024,contherm,1.5,,,,,,,
423,208,Wattle,17,4,27/04/2024,17/05/2024,22/05/2024,contherm,0.5,,,,,,,
424,208,Nightshade,17,4,27/04/2024,17/05/2024,22/05/2024,contherm,14,,,,,,,
425,246,Manuka Sapling,15,3,,,,,,,,,,,,
426,246,Manuka Seedling,15,3,,,,,,,,,,,,
427,246,Privet,15,3,5/09/2024,21/05/2024,25/04/2024,Jouan,1.5,,,,,,,
428,246,Nightshade,15,3,,,,,,,,,,,,
429,4,Manuka Sapling,18,4,,,,,,,,,,,,
430,4,Manuka Seedling,18,4,29/04/2024,19/05/2024,25/04/2024,Jouan,2,,,,,,,
431,4,Wattle,18,4,29/04/2024,19/05/2024,23/05/2024,Jouan,0.5,,,,,,,
432,4,Nightshade,18,4,29/04/2024,19/05/2024,23/05/2024,Jouan,1.5,,,,,,,
433,190,Manuka Sapling,17,4,,,,,,,,,,,,
434,190,Manuka Seedling,17,4,29/04/2024,19/05/2024,23/05/2024,Jouan,1.5,,,,,,,
435,190,Wattle,17,4,29/04/2024,19/05/2024,23/05/2024,Jouan,1.25,,,,,,,
436,190,Nightshade,17,4,29/04/2024,19/05/2024,25/04/2024,Jouan,5,,,,,,,
437,242,Manuka Sapling,12,2,,,,,,,,,,,,
438,242,Wattle,12,2,29/04/2024,19/05/2024,23/05/2024,Jouan,0.5,,,,,,,
439,242,Privet,12,2,29/04/2024,19/05/2024,25/04/2024,Jouan,1.5,,,,,,,
440,242,Nightshade,12,2,29/04/2024,19/05/2024,23/05/2024,Jouan,0.5,,,,,,,
441,151,Manuka Sapling,14,3,29/04/2024,19/05/2024,25/04/2024,Jouan,9,,another set labelled for 151 collected on 01/05/2024,,,,,
442,151,Manuka Seedling,14,3,29/04/2024,19/05/2024,23/05/2024,Jouan,0.5,labelled as wattle but looks like a manuka seedling,0.5,,,,,
443,151,Privet,14,3,29/04/2024,19/05/2024,25/04/2024,Jouan,1,,0.25,,,,,
444,151,Nightshade,14,3,29/04/2024,19/05/2024,25/04/2024,Jouan,1,,0.5,,,,,
445,131,Manuka Sapling,11,2,,,,,,,,,,,,
446,131,Wattle,11,2,,,,,,,,,,,,
447,131,Privet,11,2,29/04/2024,19/05/2024,25/04/2024,Jouan,2,,,,,,,
448,131,Nightshade,11,2,29/04/2024,19/05/2024,23/05/2024,Jouan,0.5,,,,,,,
449,191,Manuka Sapling,6,6,,,,,,,,,,,,
450,191,Nightshade,6,6,5/01/2024,21/05/2024,25/04/2024,contherm,0.5,,,,,,,
451,191,Nightshade,6,6,5/01/2024,21/05/2024,25/04/2024,contherm,0.25,,,,,,,
452,191,Nightshade,6,6,5/01/2024,21/05/2024,25/04/2024,contherm,0.25,,,,,,,
453,228,Manuka Sapling,1,1,,,,,,,,,,,,
454,228,Manuka Seedling,1,1,5/02/2024,21/05/2024,25/04/2024,contherm,1.5,,,,,,,
455,228,Manuka Seedling,1,1,5/02/2024,21/05/2024,25/04/2024,contherm,1,,,,,,,
456,228,Manuka Seedling,1,1,5/02/2024,21/05/2024,25/04/2024,contherm,1,,,,,,,
457,107,Manuka Sapling,7,7,,,,,,,,,,,,
458,107,Wattle,7,7,29/04/2024,19/05/2024,23/05/2024,Jouan,0.75,,,,,,,
459,107,Wattle,7,7,29/04/2024,19/05/2024,23/05/2024,Jouan,0.5,,,,,,,
460,107,Wattle,7,7,29/04/2024,19/05/2024,23/05/2024,Jouan,1.5,,,,,,,
461,241,Manuka Sapling,2,2,29/04/2024,19/05/2024,25/04/2024,Jouan,20,,,,,,,
462,241,Wattle,2,2,29/04/2024,19/05/2024,23/05/2024,Jouan,1,0.5 (there is a 241 seedling bag),,,,,,
463,241,Privet,2,2,29/04/2024,19/05/2024,25/04/2024,Jouan,5,(1) strangely there were 2 bags labelled for this one,,,,,,
464,241,Nightshade,2,2,29/04/2024,19/05/2024,23/05/2024,Jouan,0.5,,,,,,,
465,161,Manuka Sapling,10,2,,,,,,,,,,,,
466,161,Wattle,10,2,29/04/2024,19/05/2024,23/05/2024,Jouan,1.5,,,,,,,
467,161,Privet,10,2,29/04/2024,19/05/2024,25/04/2024,Jouan,2,,,,,,,
468,161,Nightshade,10,2,29/04/2024,19/05/2024,25/04/2024,Jouan,1,,,,,,,
469,219,Manuka Sapling,16,4,,,,,,,,,,,,
470,219,Manuka Seedling,16,4,29/04/2024,19/05/2024,25/04/2024,Jouan,1,,,,,,,
471,219,Wattle,16,4,29/04/2024,19/05/2024,25/04/2024,Jouan,3,,,,,,,
472,219,Nightshade,16,4,29/04/2024,19/05/2024,25/04/2024,Jouan,10,,,,,,,
473,9,Manuka Sapling,17,4,,,,,,,,,,,,
474,9,Manuka Seedling,17,4,29/04/2024,19/05/2024,23/05/2024,Jouan,1,,,,,,,
475,9,Wattle,17,4,29/04/2024,19/05/2024,23/05/2024,Jouan,1.5,,,,,,,
476,9,Nightshade,17,4,29/04/2024,19/05/2024,25/04/2024,Jouan,4.5,,,,,,,
477,136,Manuka Sapling,15,3,,,,,,,,,,,,
478,136,Manuka Seedling,15,3,13/05/2024,21/05/2024,25/04/2024,Jouan,1,,,,,,,
479,136,Privet,15,3,13/05/2024,21/05/2024,25/04/2024,Jouan,6.5,,,,,,,
480,136,Nightshade,15,3,13/05/2024,21/05/2024,25/04/2024,Jouan,3.5,,,,,,,
481,20,Manuka Sapling,1,1,,,,,,,,,,,,
482,20,Manuka Seedling,1,1,,,,,0.5,,,,,,,
483,20,Manuka Seedling,1,1,5/02/2024,21/05/2024,25/04/2024,contherm,0.5,,,,,,,
484,20,Manuka Seedling,1,1,5/02/2024,21/05/2024,25/04/2024,contherm,1,,,,,,,
485,86,Manuka Sapling,15,3,,,,,,,,,,,,
486,86,Manuka Seedling,15,3,5/01/2024,21/05/2024,25/04/2024,contherm,0.25,,,,,,,
487,86,Privet,15,3,5/01/2024,21/05/2024,25/04/2024,contherm,3,,,,,,,
488,86,Nightshade,15,3,5/01/2024,21/05/2024,25/04/2024,contherm,0.25,,,,,,,
489,147,Manuka Sapling,9,2,,,,,,,,,,,,
490,147,Wattle,9,2,,,,,,,,,,,,
491,147,Privet,9,2,29/04/2024,19/05/2024,23/05/2024,Jouan,1,,,,,,,
492,147,Nightshade,9,2,29/04/2024,19/05/2024,23/05/2024,Jouan,0.5,,,,,,,
493,213,Manuka Sapling,1,1,,,,,,,,,,,,
494,213,Manuka Seedling,1,1,5/02/2024,21/05/2024,25/04/2024,contherm,1,,,,,,,
495,213,Manuka Seedling,1,1,5/02/2024,21/05/2024,25/04/2024,contherm,1,,,,,,,
496,213,Manuka Seedling,1,1,5/02/2024,21/05/2024,25/04/2024,contherm,0.5,,,,,,,
497,95,Manuka Sapling,20,5,,,,,,,,,,,,
498,95,Manuka Seedling,20,5,5/09/2024,21/05/2024,25/04/2024,Jouan,1,,,,,,,
499,95,Wattle,20,5,,,,,,,,,,,,
500,95,Privet,20,5,,,,,,,,,,,,
501,134,Manuka Sapling,19,5,,,,,,,,,,,,
502,134,Manuka Seedling,19,5,,,,,,,,,,,,
503,134,Wattle,19,5,29/04/2024,19/05/2024,23/05/2024,Jouan,0.5,,,,,,,
504,134,Privet,19,5,,,,,,,,,,,,
505,140,Manuka Sapling,6,6,5/02/2024,21/05/2024,25/04/2024,contherm,16,,,,,,,
506,140,Nightshade,6,6,5/02/2024,21/05/2024,25/04/2024,contherm,2,,,,,,,
507,140,Nightshade,6,6,5/02/2024,21/05/2024,25/04/2024,contherm,1,,,,,,,
508,140,Nightshade,6,6,5/02/2024,21/05/2024,25/04/2024,contherm,0.5,,,,,,,
509,249,Manuka Sapling,19,5,,,,,,,,,,,,
510,249,Manuka Seedling,19,5,,,,,,,,,,,,
511,249,Wattle,19,5,5/09/2024,21/05/2024,25/04/2024,Jouan,0.25,,,,,,,
512,249,Privet,19,5,,,,,,,,,,,,
513,250,Manuka Sapling,21,5,29/04/2024,19/05/2024,25/04/2024,Jouan,12,,,,,,,
514,250,Manuka Seedling,21,5,29/04/2024,19/05/2024,23/05/2024,Jouan,1,,,,,,,
515,250,Wattle,21,5,,,,,,,,,,,,
516,250,Privet,21,5,29/04/2024,19/05/2024,23/05/2024,Jouan,1.5,,,,,,,
517,21,Manuka Sapling,2,2,,,,,,,,,,,,
518,21,Wattle,2,2,,,,,,,,,,,,
519,21,Privet,2,2,,,,,,,,,,,,
520,21,Nightshade,2,2,13/05/2024,21/05/2024,25/04/2024,Jouan,0.3,,,,,,,
521,64,Manuka Sapling,5,5,,,,,,,,,,,,
522,64,Manuka Seedling,5,5,,,,,,,,,,,,
523,64,Wattle,5,5,,,,,,,,,,,,
524,64,Privet,5,5,5/09/2024,21/05/2024,25/04/2024,Jouan,2,,,,,,,
525,252,Manuka Sapling,12,2,29/04/2024,19/05/2024,25/04/2024,Jouan,13,,,,,,,
526,252,Wattle,12,2,29/04/2024,19/05/2024,23/05/2024,Jouan,0.5,,,,,,,
527,252,Privet,12,2,29/04/2024,19/05/2024,23/05/2024,Jouan,1.5,,,,,,,
528,252,Nightshade,12,2,29/04/2024,19/05/2024,23/05/2024,Jouan,1,,,,,,,
529,97,Manuka Sapling,16,4,,,,,,,,,,,,
530,97,Manuka Seedling,16,4,,,,,,,,,,,,
531,97,Wattle,16,4,5/09/2024,21/05/2024,25/04/2024,Jouan,19,,,,,,,
532,97,Nightshade,16,4,,,,,,,,,,,,
533,121,Manuka Sapling,14,3,,,,,,,,,,,,
534,121,Manuka Seedling,14,3,,,,,,,,,,,,
535,121,Privet,14,3,,,,,,,,,,,,
536,121,Nightshade,14,3,5/09/2024,21/05/2024,25/04/2024,Jouan,2.5,,,,,,,
537,18,Manuka Sapling,17,4,29/04/2024,19/05/2024,25/04/2024,Jouan,48,,,,,,,
538,18,Manuka Seedling,17,4,29/04/2024,19/05/2024,25/04/2024,Jouan,1,,,,,,,
539,18,Wattle,17,4,29/04/2024,19/05/2024,23/05/2024,Jouan,1,,,,,,,
540,18,Nightshade,17,4,29/04/2024,19/05/2024,23/05/2024,Jouan,1.5,,,,,,,
541,158,Manuka Sapling,21,5,,,,,,,,,,,,
542,158,Manuka Seedling,21,5,29/04/2024,19/05/2024,23/05/2024,Jouan,0.5,,,,,,,
543,158,Wattle,21,5,29/04/2024,19/05/2024,23/05/2024,Jouan,0.25,,,,,,,
544,158,Privet,21,5,29/04/2024,19/05/2024,23/05/2024,Jouan,2,,,,,,,
545,195,Manuka Sapling,14,3,5/02/2024,21/05/2024,25/04/2024,contherm,33,,,,,,,
546,195,Manuka Seedling,14,3,5/02/2024,21/05/2024,25/04/2024,contherm,2,,,,,,,
547,195,Privet,14,3,5/02/2024,21/05/2024,25/04/2024,contherm,1,,,,,,,
548,195,Nightshade,14,3,5/02/2024,21/05/2024,25/04/2024,contherm,0.5,,,,,,,
549,75,Manuka Sapling,4,4,,,,,,,,,,,,
550,75,Manuka Seedling,4,4,29/04/2024,19/05/2024,23/05/2024,Jouan,0.5,,,,,,,
551,75,Wattle,4,4,,,,,,,,,,,,
552,75,Nightshade,4,4,29/04/2024,19/05/2024,23/05/2024,contherm,3,,,,,,,
553,114,Manuka Sapling,4,4,29/04/2024,19/05/2024,25/04/2024,Jouan,20,,,,,,,
554,114,Manuka Seedling,4,4,29/04/2024,19/05/2024,25/04/2024,Jouan,0.5,,,,,,,
555,114,Wattle,4,4,,,,,,,,,,,,
556,114,Nightshade,4,4,29/04/2024,19/05/2024,25/04/2024,Jouan,1,,,,,,,
557,156,Manuka Sapling,10,2,,,,,,,,,,,,
558,156,Wattle,10,2,,,,,,,,,,,,
559,156,Privet,10,2,,,,,,,,,,,,
560,156,Nightshade,10,2,,,,,,,,,,,,
561,92,Manuka Sapling,5,5,,,,,,,,,,,,
562,92,Manuka Seedling,5,5,29/04/2024,19/05/2024,23/05/2024,Jouan,1.5,,,,,,,
563,92,Wattle,5,5,,,,,,,,,,,,
564,92,Privet,5,5,29/04/2024,19/05/2024,25/04/2024,Jouan,8,,,,,,,
565,142,Manuka Sapling,2,2,,,,,,,,,,,,
566,142,Wattle,2,2,29/04/2024,19/05/2024,23/05/2024,contherm,0.25,,,,,,,
567,142,Privet,2,2,29/04/2024,19/05/2024,23/05/2024,contherm,17,,,,,,,
568,142,Nightshade,2,2,,,,,,,,,,,,
569,129,Manuka Sapling,2,2,29/04/2024,19/05/2024,25/04/2024,Jouan,24,,,,,,,
570,129,Wattle,2,2,29/04/2024,19/05/2024,23/05/2024,Jouan,0.5,,,,,,,
571,129,Privet,2,2,29/04/2024,19/05/2024,23/05/2024,Jouan,1,,,,,,,
572,129,Nightshade,2,2,29/04/2024,19/05/2024,23/05/2024,Jouan,0.5,,,,,,,
573,33,Manuka Sapling,15,3,,,,,,,,,,,,
574,33,Manuka Seedling,15,3,,,,,0.25,,,,,,,
575,33,Privet,15,3,5/02/2024,21/05/2024,25/04/2024,contherm,0.25,,,,,,,
576,33,Nightshade,15,3,5/02/2024,21/05/2024,25/04/2024,contherm,5,,,,,,,
577,177,Manuka Sapling,2,2,29/04/2024,19/05/2024,23/05/2024,contherm,14,,,,,,,
578,177,Wattle,2,2,29/04/2024,19/05/2024,23/05/2024,contherm,1,,,,,,,
579,177,Privet,2,2,29/04/2024,19/05/2024,23/05/2024,contherm,1,,,,,,,
580,177,Nightshade,2,2,29/04/2024,19/05/2024,23/05/2024,contherm,3,,,,,,,
581,153,Manuka Sapling,21,5,29/04/2024,19/05/2024,23/05/2024,contherm,30,,,,,,,
582,153,Manuka Seedling,21,5,29/04/2024,19/05/2024,23/05/2024,contherm,2.5,,,,,,,
583,153,Wattle,21,5,29/04/2024,19/05/2024,23/05/2024,contherm,4.5,,,,,,,
584,153,Privet,21,5,29/04/2024,19/05/2024,23/05/2024,contherm,21,,,,,,,
585,77,Manuka Sapling,12,2,29/04/2024,19/05/2024,23/05/2024,contherm,30,,,,,,,
586,77,Wattle,12,2,29/04/2024,19/05/2024,23/05/2024,contherm,0.5,,,,,,,
587,77,Privet,12,2,29/04/2024,19/05/2024,23/05/2024,contherm,2,,,,,,,
588,77,Nightshade,12,2,,,,,,,,,,,,
589,206,Manuka Sapling,extra,,,,,,,,,,,,,
590,206,,extra,,,,,,,,,,,,,
591,206,,extra,,,,,,,,,,,,,
592,206,,extra,,,,,,,,,,,,,
593,164,Manuka Sapling,12,2,29/04/2024,19/05/2024,23/05/2024,contherm,18,,,,,,,
594,164,Wattle,12,2,29/04/2024,19/05/2024,23/05/2024,contherm,0.25,,,,,,,
595,164,Privet,12,2,29/04/2024,19/05/2024,23/05/2024,contherm,2,,,,,,,
596,164,Nightshade,12,2,29/04/2024,19/05/2024,23/05/2024,contherm,14,,,,,,,
597,189,Manuka Sapling,10,2,29/04/2024,19/05/2024,23/05/2024,contherm,14,,,,,,,
598,189,Wattle,10,2,,,,,,,,,,,,
599,189,Privet,10,2,29/04/2024,19/05/2024,23/05/2024,contherm,5,,,,,,,
600,189,Nightshade,10,2,29/04/2024,19/05/2024,23/05/2024,contherm,4,,,,,,,
601,44,Manuka Sapling,4,4,29/04/2024,19/05/2024,23/05/2024,contherm,26,,,,,,,
602,44,Manuka Seedling,4,4,29/04/2024,19/05/2024,23/05/2024,contherm,1,,,,,,,
603,44,Wattle,4,4,29/04/2024,19/05/2024,23/05/2024,contherm,0.5,,,,,,,
604,44,Nightshade,4,4,29/04/2024,19/05/2024,23/05/2024,contherm,12,,,,,,,
605,152,Manuka Sapling,8,8,5/02/2024,21/05/2024,25/04/2024,contherm,5,,,,,,,
606,152,Privet,8,8,5/02/2024,21/05/2024,25/04/2024,contherm,3,,,,,,,
607,152,Privet,8,8,5/02/2024,21/05/2024,25/04/2024,contherm,1,,,,,,,
608,152,Privet,8,8,5/02/2024,21/05/2024,25/04/2024,contherm,1,,,,,,,
609,123,Manuka Sapling,11,2,,,,,,,,,,,,
610,123,Manuka Seedling,11,2,13/05/2024,21/05/2024,25/04/2024,Jouan,0.25,,,,,,,
611,123,Wattle,11,2,,,,,,,,,,,,
612,123,Privet,11,2,13/05/2024,21/05/2024,25/04/2024,Jouan,3.5,,,,,,,
613,251,Manuka Sapling,18,4,,,,,,,,,,,,
614,251,Manuka Seedling,18,4,29/04/2024,19/05/2024,23/05/2024,contherm,0.5,,,,,,,
615,251,Wattle,18,4,29/04/2024,19/05/2024,23/05/2024,contherm,2,,,,,,,
616,251,Nightshade,18,4,29/04/2024,19/05/2024,23/05/2024,contherm,4,,,,,,,
617,54,Manuka Sapling,8,8,,,,,,,,,,,,
618,54,Privet,8,8,5/02/2024,21/05/2024,25/04/2024,contherm,0.5,,,,,,,
619,54,Privet,8,8,5/02/2024,21/05/2024,25/04/2024,contherm,1,,,,,,,
620,54,Privet,8,8,5/02/2024,21/05/2024,25/04/2024,contherm,1,,,,,,,
621,202,Manuka Sapling,7,7,29/04/2024,19/05/2024,23/05/2024,contherm,5,,,,,,,
622,202,Wattle,7,7,,,,,,,,,,,,
623,202,Wattle,7,7,,,,,,,,,,,,
624,202,Wattle,7,7,,,,,,,,,,,,
625,172,Manuka Sapling,5,5,29/04/2024,19/05/2024,23/05/2024,contherm,6,,,,,,,
626,172,Manuka Seedling,5,5,29/04/2024,19/05/2024,23/05/2024,contherm,0.5,,,,,,,
627,172,Wattle,5,5,29/04/2024,19/05/2024,23/05/2024,contherm,0.1,,,,,,,
628,172,Privet,5,5,29/04/2024,19/05/2024,23/05/2024,contherm,3,,,,,,,
629,171,Manuka Sapling,11,2,,,,,,,,,,,,
630,171,Wattle,11,2,29/04/2024,19/05/2024,23/05/2024,contherm,0.5,,,,,,,
631,171,Privet,11,2,29/04/2024,19/05/2024,23/05/2024,contherm,1,,,,,,,
632,171,Nightshade,11,2,29/04/2024,19/05/2024,23/05/2024,contherm,0.5,,,,,,,
633,214,Manuka Sapling,14,3,5/02/2024,21/05/2024,25/04/2024,contherm,22,,,,,,,
634,214,Manuka Seedling,14,3,5/02/2024,21/05/2024,25/04/2024,contherm,0.5,,,,,,,
635,214,Privet,14,3,5/02/2024,21/05/2024,25/04/2024,contherm,1,,,,,,,
636,214,Nightshade,14,3,5/02/2024,21/05/2024,25/04/2024,contherm,1,,,,,,,
637,167,Manuka Sapling,4,4,,,,,,,,,,,,
638,167,Manuka Seedling,4,4,29/04/2024,19/05/2024,23/05/2024,contherm,0.5,,,,,,,
639,167,Wattle,4,4,29/04/2024,19/05/2024,23/05/2024,contherm,0.3,,,,,,,
640,167,Nightshade,4,4,29/04/2024,19/05/2024,23/05/2024,contherm,3,,,,,,,
641,236,Manuka Sapling,15,3,5/02/2024,21/05/2024,25/04/2024,contherm,5,,,,,,,
642,236,Manuka Seedling,15,3,5/02/2024,21/05/2024,25/04/2024,contherm,0.5,,,,,,,
643,236,Privet,15,3,5/02/2024,21/05/2024,25/04/2024,contherm,6,,,,,,,
644,236,Nightshade,15,3,5/02/2024,21/05/2024,25/04/2024,contherm,3,,,,,,,
645,141,Manuka Sapling,9,2,29/04/2024,19/05/2024,23/05/2024,contherm,0.5,"10, have 2 bags labelled for this one",,,,,,
646,141,Wattle,9,2,29/04/2024,19/05/2024,23/05/2024,contherm,0.25,,,,,,,
647,141,Privet,9,2,29/04/2024,19/05/2024,23/05/2024,contherm,3,,,,,,,
648,141,Nightshade,9,2,,,,,,,,,,,,
649,217,Manuka Sapling,9,2,29/04/2024,19/05/2024,25/04/2024,Jouan,11,,,,,,,
650,217,Wattle,9,2,29/04/2024,19/05/2024,23/05/2024,Jouan,0.5,,,,,,,
651,217,Privet,9,2,29/04/2024,19/05/2024,25/04/2024,Jouan,5,,,,,,,
652,217,Nightshade,9,2,29/04/2024,19/05/2024,25/04/2024,Jouan,3,,,,,,,
653,28,Manuka Sapling,14,3,5/02/2024,21/05/2024,25/04/2024,contherm,6,,,,,,,
654,28,Manuka Seedling,14,3,5/02/2024,21/05/2024,25/04/2024,contherm,4,,,,,,,
655,28,Privet,14,3,5/02/2024,21/05/2024,25/04/2024,contherm,2,,,,,,,
656,28,Nightshade,14,3,5/02/2024,21/05/2024,25/04/2024,contherm,3,,,,,,,
657,229,Manuka Sapling,2,2,,,,,,,,,,,,
658,229,Wattle,2,2,29/04/2024,19/05/2024,23/05/2024,Jouan,0.5,,,,,,,
659,229,Privet,2,2,29/04/2024,19/05/2024,23/05/2024,Jouan,0.5,,,,,,,
660,229,Nightshade,2,2,29/04/2024,19/05/2024,23/05/2024,Jouan,0.25,,,,,,,
661,234,Manuka Sapling,4,4,29/04/2024,19/05/2024,25/04/2024,Jouan,5,,,,,,,
662,234,Manuka Seedling,4,4,29/04/2024,19/05/2024,25/04/2024,Jouan,1,,,,,,,
663,234,Wattle,4,4,29/04/2024,19/05/2024,23/05/2024,Jouan,1,,,,,,,
664,234,Nightshade,4,4,29/04/2024,19/05/2024,25/04/2024,Jouan,3,,,,,,,
665,125,Manuka Sapling,16,4,,,,,,,,,,,,
666,125,Manuka Seedling,16,4,29/04/2024,17/05/2024,22/05/2024,contherm,1,,,,,,,
667,125,Wattle,16,4,29/04/2024,19/05/2024,25/04/2024,Jouan,1,,,,,,,
668,125,Nightshade,16,4,29/04/2024,17/05/2024,22/05/2024,contherm,0.5,,,,,,,
669,84,Manuka Sapling,1,1,5/02/2024,21/05/2024,25/04/2024,contherm,6,,,,,,,
670,84,Manuka Seedling,1,1,5/02/2024,21/05/2024,25/04/2024,contherm,0.25,,,,,,,
671,84,Manuka Seedling,1,1,5/02/2024,21/05/2024,25/04/2024,contherm,5,,,,,,,
672,84,Manuka Seedling,1,1,5/02/2024,21/05/2024,25/04/2024,contherm,0.3,,,,,,,
673,197,Manuka Sapling,20,5,,,,,,,,,,,,
674,197,Manuka Seedling,20,5,29/04/2024,17/05/2024,22/05/2024,contherm,1.5,,,,,,,
675,197,Wattle,20,5,29/04/2024,17/05/2024,22/05/2024,contherm,0.5,,,,,,,
676,197,Privet,20,5,29/04/2024,17/05/2024,22/05/2024,contherm,4,,,,,,,
677,200,Manuka Sapling,5,5,29/04/2024,17/05/2024,22/05/2024,contherm,6,,,,,,,
678,200,Manuka Seedling,5,5,29/04/2024,19/05/2024,23/05/2024,contherm,0.25,,,,,,,
679,200,Wattle,5,5,29/04/2024,19/05/2024,23/05/2024,contherm,0.5,,,,,,,
680,200,Privet,5,5,29/04/2024,19/05/2024,23/05/2024,contherm,8,,,,,,,
681,118,Manuka Sapling,10,2,29/04/2024,19/05/2024,23/05/2024,contherm,6,,,,,,,
682,118,Wattle,10,2,,,,,,,,,,,,
683,118,Privet,10,2,29/04/2024,19/05/2024,23/05/2024,contherm,1,,,,,,,
684,118,Nightshade,10,2,29/04/2024,19/05/2024,23/05/2024,contherm,1,,,,,,,
685,42,Manuka Sapling,13,3,,,,,,,,,,,,
686,42,Manuka Seedling,13,3,5/09/2024,21/05/2024,25/04/2024,Jouan,0.25,,,,,,,
687,42,Privet,13,3,5/09/2024,21/05/2024,25/04/2024,Jouan,0.5,,,,,,,
688,42,Nightshade,13,3,5/09/2024,21/05/2024,25/04/2024,Jouan,2,,,,,,,
689,254,Manuka Sapling,3,3,,,,,,,,,,,,
690,254,Manuka Seedling,3,3,5/09/2024,21/05/2024,25/04/2024,Jouan,1,,,,,,,
691,254,Privet,3,3,5/09/2024,21/05/2024,25/04/2024,Jouan,4.25,,,,,,,
692,254,Nightshade,3,3,5/09/2024,21/05/2024,25/04/2024,Jouan,3,,,,,,,
693,8,Manuka Sapling,20,5,,,,,,,,,,,,
694,8,Manuka Seedling,20,5,29/04/2024,19/05/2024,23/05/2024,contherm,1,,,,,,,
695,8,Wattle,20,5,29/04/2024,19/05/2024,23/05/2024,contherm,6,,,,,,,
696,8,Privet,20,5,29/04/2024,19/05/2024,23/05/2024,contherm,6,,,,,,,
697,155,Manuka Sapling,12,2,,,,,,,,,,,,
698,155,Wattle,12,2,29/04/2024,19/05/2024,23/05/2024,contherm,0.5,,,,,,,
699,155,Privet,12,2,29/04/2024,19/05/2024,23/05/2024,contherm,0.5,,,,,,,
700,155,Nightshade,12,2,29/04/2024,19/05/2024,23/05/2024,contherm,0.5,,,,,,,
701,245,Manuka Sapling,18,4,,,,,,,,,,,,
702,245,Manuka Seedling,18,4,29/04/2024,19/05/2024,23/05/2024,contherm,0.5,,,,,,,
703,245,Wattle,18,4,29/04/2024,19/05/2024,23/05/2024,contherm,0.25,,,,,,,
704,245,Nightshade,18,4,29/04/2024,19/05/2024,23/05/2024,contherm,2,,,,,,,
705,12,Manuka Sapling,12,2,,,,,,,,,,,,
706,12,Wattle,12,2,29/04/2024,19/05/2024,23/05/2024,contherm,0.5,,,,,,,
707,12,Privet,12,2,29/04/2024,19/05/2024,23/05/2024,contherm,0.5,,,,,,,
708,12,Nightshade,12,2,29/04/2024,19/05/2024,23/05/2024,contherm,0.25,,,,,,,
709,53,Manuka Sapling,21,5,,,,,,,,,,,,
710,53,Manuka Seedling,21,5,,,,,,,,,,,,
711,53,Wattle,21,5,29/04/2024,19/05/2024,23/05/2024,contherm,0.5,,,,,,,
712,53,Privet,21,5,29/04/2024,19/05/2024,23/05/2024,contherm,2,,,,,,,
713,112,Manuka Sapling,19,5,,,,,,,,,,,,
714,112,Manuka Seedling,19,5,29/04/2024,19/05/2024,23/05/2024,contherm,0.3,,,,,,,
715,112,Wattle,19,5,29/04/2024,19/05/2024,23/05/2024,contherm,0.5,,,,,,,
716,112,Privet,19,5,29/04/2024,19/05/2024,23/05/2024,contherm,2.5,,,,,,,
717,41,Manuka Sapling,13,3,,,,,,,,,,,,
718,41,Manuka Seedling,13,3,,,,,,,,,,,,
719,41,Privet,13,3,5/09/2024,21/05/2024,25/04/2024,Jouan,2.5,,,,,,,
720,41,Nightshade,13,3,,,,,,,,,,,,
721,61,Manuka Sapling,5,5,,,,,,,,,,,,
722,61,Manuka Seedling,5,5,29/04/2024,19/05/2024,23/05/2024,contherm,0.5,,,,,,,
723,61,Wattle,5,5,,,,,,,,,,,,
724,61,Privet,5,5,29/04/2024,19/05/2024,23/05/2024,contherm,1.5,,,,,,,
725,57,Manuka Sapling,16,4,,,,,,,,,,,,
726,57,Manuka Seedling,16,4,29/04/2024,19/05/2024,23/05/2024,contherm,2,,,,,,,
727,57,Wattle,16,4,29/04/2024,19/05/2024,23/05/2024,contherm,6,,,,,,,
728,57,Nightshade,16,4,29/04/2024,19/05/2024,23/05/2024,contherm,0.5,,,,,,,
729,168,Manuka Sapling,15,3,,,,,,,,,,,,
730,168,Manuka Seedling,15,3,5/09/2024,21/05/2024,25/04/2024,Jouan,2,,,,,,,
731,168,Privet,15,3,5/09/2024,21/05/2024,25/04/2024,Jouan,1.5,,,,,,,
732,168,Nightshade,15,3,5/09/2024,21/05/2024,25/04/2024,Jouan,1.5,,,,,,,
733,207,Manuka Sapling,14,3,,,,,,,,,,,,
734,207,Manuka Seedling,14,3,5/09/2024,21/05/2024,25/04/2024,Jouan,0.5,,,,,,,
735,207,Privet,14,3,5/09/2024,21/05/2024,25/04/2024,Jouan,12,,,,,,,
736,207,Nightshade,14,3,5/09/2024,21/05/2024,25/04/2024,Jouan,0.1,,,,,,,
737,10,Manuka Sapling,16,4,,,,,,,,,,,,
738,10,Manuka Seedling,16,4,,,,,,,,,,,,
739,10,Wattle,16,4,5/09/2024,21/05/2024,25/04/2024,Jouan,22,,,,,,,
740,10,Nightshade,16,4,,,,,,,,,,,,
741,79,Manuka Sapling,19,5,,,,,,,,,,,,
742,79,Manuka Seedling,19,5,,,,,,,,,,,,
743,79,Wattle,19,5,,,,,,,,,,,,
744,79,Privet,19,5,5/09/2024,21/05/2024,25/04/2024,Jouan,4.5,,,,,,,
745,3,Manuka Sapling,20,5,,,,,,,,,,,,
746,3,Manuka Seedling,20,5,29/04/2024,19/05/2024,23/05/2024,contherm,0.5,,,,,,,
747,3,Wattle,20,5,29/04/2024,19/05/2024,23/05/2024,contherm,0.5,,,,,,,
748,3,Privet,20,5,29/04/2024,19/05/2024,23/05/2024,contherm,1,,,,,,,
749,52,Manuka Sapling,18,4,,,,,,,,,,,,
750,52,Manuka Seedling,18,4,,,,,,,,,,,,
751,52,Wattle,18,4,,,,,,,,,,,,
752,52,Nightshade,18,4,,,,,,,,,,,,
753,67,Manuka Sapling,11,2,,,,,,,,,,,,
754,67,Wattle,11,2,,,,,,,,,,,,
755,67,Privet,11,2,29/04/2024,17/05/2024,22/05/2024,contherm,1,,,,,,,
756,67,Nightshade,11,2,29/04/2024,17/05/2024,22/05/2024,contherm,0.5,,,,,,,
757,71,Manuka Sapling,21,5,,,,,,,,,,,,
758,71,Manuka Seedling,21,5,29/04/2024,19/05/2024,23/05/2024,contherm,2.5,,,,,,,
759,71,Wattle,21,5,29/04/2024,19/05/2024,23/05/2024,contherm,50,,,,,,,
760,71,Privet,21,5,29/04/2024,19/05/2024,23/05/2024,contherm,0.5,,,,,,,
761,133,Manuka Sapling,14,3,,,,,,,,,,,,
762,133,Manuka Seedling,14,3,5/09/2024,21/05/2024,25/04/2024,Jouan,1,,,,,,,
763,133,Privet,14,3,5/09/2024,21/05/2024,25/04/2024,Jouan,11,,,,,,,
764,133,Nightshade,14,3,5/09/2024,21/05/2024,25/04/2024,Jouan,1.5,,,,,,,
765,183,Manuka Sapling,10,2,,,,,,,,,,,,
766,183,Wattle,10,2,29/04/2024,17/05/2024,22/05/2024,contherm,0.5,,,,,,,
767,183,Privet,10,2,29/04/2024,19/05/2024,23/05/2024,contherm,1,,,,,,,
768,183,Nightshade,10,2,,,,,,,,,,,,
769,16,Manuka Sapling,9,2,,,,,,,,,,,,
770,16,Wattle,9,2,29/04/2024,19/05/2024,23/05/2024,contherm,0.5,,,,,,,
771,16,Privet,9,2,29/04/2024,19/05/2024,23/05/2024,contherm,2,,,,,,,
772,16,Nightshade,9,2,29/04/2024,19/05/2024,23/05/2024,contherm,1,,,,,,,
773,115,Manuka Sapling,3,3,,,,,,,,,,,,
774,115,Manuka Seedling,3,3,,,,,,,,,,,,
775,115,Privet,3,3,,,,,,,,,,,,
776,115,Nightshade,3,3,5/09/2024,21/05/2024,25/04/2024,Jouan,0.5,,,,,,,
777,126,Manuka Sapling,14,3,,,,,,,,,,,,
778,126,Manuka Seedling,14,3,,,,,,,,,,,,
779,126,Privet,14,3,,,,,,,,,,,,
780,126,Nightshade,14,3,5/09/2024,21/05/2024,25/04/2024,Jouan,0.5,,,,,,,
781,240,Manuka Sapling,10,2,,,,,,,,,,,,
782,240,Wattle,10,2,,,,,,,,,,,,
783,240,Privet,10,2,5/09/2024,21/05/2024,25/04/2024,Jouan,10,,,,,,,
784,240,Nightshade,10,2,,,,,,,,,,,,
785,43,Manuka Sapling,5,5,,,,,,,,,,,,
786,43,Manuka Seedling,5,5,29/04/2024,19/05/2024,23/05/2024,contherm,2,,,,,,,
787,43,Wattle,5,5,29/04/2024,19/05/2024,23/05/2024,contherm,0.75,,,,,,,
788,43,Privet,5,5,29/04/2024,19/05/2024,23/05/2024,contherm,7,,,,,,,
789,165,Manuka Sapling,8,8,,,,,,,,,,,,
790,165,Privet,8,8,5/09/2024,21/05/2024,25/04/2024,Jouan,2,,,,,,,
791,165,Privet,8,8,5/09/2024,21/05/2024,25/04/2024,contherm,4,,,,,,,
792,165,Privet,8,8,5/09/2024,21/05/2024,25/04/2024,contherm,6,,,,,,,
793,148,Manuka Sapling,18,4,,,,,,,,,,,,
794,148,Manuka Seedling,18,4,29/04/2024,19/05/2024,23/05/2024,contherm,1,,,,,,,
795,148,Wattle,18,4,29/04/2024,19/05/2024,23/05/2024,contherm,0.75,,,,,,,
796,148,Nightshade,18,4,29/04/2024,19/05/2024,23/05/2024,contherm,0.5,,,,,,,
797,1,Manuka Sapling,13,3,,,,,,,,,,,,
798,1,Manuka Seedling,13,3,5/09/2024,21/05/2024,25/04/2024,Jouan,1,,,,,,,
799,1,Privet,13,3,5/09/2024,21/05/2024,25/04/2024,Jouan,3,,,,,,,
800,1,Nightshade,13,3,5/09/2024,21/05/2024,25/04/2024,contherm,14.5,,,,,,,
801,35,Manuka Sapling,1,1,,,,,,,,,,,,
802,35,Manuka Seedling,1,1,5/09/2024,21/05/2024,25/04/2024,Jouan,0.1,,,,,,,
803,35,Manuka Seedling,1,1,5/09/2024,21/05/2024,25/04/2024,Jouan,1.5,,,,,,,
804,35,Manuka Seedling,1,1,5/09/2024,21/05/2024,25/04/2024,Jouan,1.5,,,,,,,
805,63,Manuka Sapling,3,3,,,,,,,,,,,,
806,63,Manuka Seedling,3,3,5/09/2024,21/05/2024,25/04/2024,Jouan,1.5,,,,,,,
807,63,Privet,3,3,5/09/2024,21/05/2024,25/04/2024,Jouan,2.25,,,,,,,
808,63,Nightshade,3,3,5/09/2024,21/05/2024,25/04/2024,Jouan,2,,,,,,,
809,55,Manuka Sapling,13,3,,,,,,,,,,,,
810,55,Manuka Seedling,13,3,5/09/2024,21/05/2024,25/04/2024,Jouan,2,,,,,,,
811,55,Privet,13,3,,,,,,,,,,,,
812,55,Nightshade,13,3,,,,,,,,,,,,
813,65,Manuka Sapling,6,6,5/09/2024,21/05/2024,25/04/2024,contherm,35,,,,,,,
814,65,Nightshade,6,6,5/09/2024,21/05/2024,25/04/2024,Jouan,1,,,,,,,
815,65,Nightshade,6,6,5/09/2024,21/05/2024,25/04/2024,Jouan,5.5,,,,,,,
816,65,Nightshade,6,6,5/09/2024,21/05/2024,25/04/2024,Jouan,1.5,,,,,,,
817,253,Manuka Sapling,20,5,29/04/2024,19/05/2024,23/05/2024,contherm,66,,,,,,,
818,253,Manuka Seedling,20,5,29/04/2024,19/05/2024,23/05/2024,contherm,1.5,,,,,,,
819,253,Wattle,20,5,29/04/2024,19/05/2024,23/05/2024,contherm,0.5,,,,,,,
820,253,Privet,20,5,29/04/2024,19/05/2024,23/05/2024,contherm,3,,,,,,,
821,138,Manuka Sapling,1,1,5/09/2024,21/05/2024,25/04/2024,contherm,90,,,,,,,
822,138,Manuka Seedling,1,1,5/09/2024,21/05/2024,25/04/2024,Jouan,0.1,,,,,,,
823,138,Manuka Seedling,1,1,5/09/2024,21/05/2024,25/04/2024,Jouan,0.75,,,,,,,
824,138,Manuka Seedling,1,1,5/09/2024,21/05/2024,25/04/2024,Jouan,0.1,,,,,,,
825,7,Manuka Sapling,8,8,5/09/2024,21/05/2024,25/04/2024,contherm,32,,,,,,,
826,7,Privet,8,8,5/09/2024,21/05/2024,25/04/2024,Jouan,12,,,,,,,
827,7,Privet,8,8,5/09/2024,21/05/2024,25/04/2024,Jouan,6,,,,,,,
828,7,Privet,8,8,5/09/2024,21/05/2024,25/04/2024,Jouan,2.5,,,,,,,
829,166,Manuka Sapling,12,2,29/04/2024,19/05/2024,23/05/2024,contherm,60,,,,,,,
830,166,Wattle,12,2,29/04/2024,19/05/2024,23/05/2024,contherm,0.5,,,,,,,
831,166,Privet,12,2,29/04/2024,19/05/2024,23/05/2024,contherm,4,,,,,,,
832,166,Nightshade,12,2,29/04/2024,19/05/2024,23/05/2024,contherm,3,,,,,,,
833,106,Manuka Sapling,2,2,29/04/2024,19/05/2024,23/05/2024,contherm,57,,,,,,,
834,106,Wattle,2,2,29/04/2024,19/05/2024,23/05/2024,contherm,0.5,,,,,,,
835,106,Privet,2,2,29/04/2024,19/05/2024,23/05/2024,contherm,0.25,,,,,,,
836,106,Nightshade,2,2,29/04/2024,19/05/2024,23/05/2024,contherm,0.5,,,,,,,
837,226,Manuka Sapling,6,6,,,,,,,,,,,,
838,226,Nightshade,6,6,5/09/2024,21/05/2024,25/04/2024,Jouan,1.5,,,,,,,
839,226,Nightshade,6,6,5/09/2024,21/05/2024,25/04/2024,Jouan,2,,,,,,,
840,226,Nightshade,6,6,5/09/2024,21/05/2024,25/04/2024,Jouan,2,,,,,,,
841,211,Manuka Sapling,19,5,29/04/2024,19/05/2024,23/05/2024,contherm,25,,,,,,,
842,211,Manuka Seedling,19,5,29/04/2024,19/05/2024,23/05/2024,contherm,1,,,,,,,
843,211,Wattle,19,5,,,,,,,,,,,,
844,211,Privet,19,5,29/04/2024,19/05/2024,23/05/2024,contherm,1,,,,,,,
845,210,Manuka Sapling,15,3,5/09/2024,21/05/2024,25/04/2024,Jouan,6,,,,,,,
846,210,Manuka Seedling,15,3,5/09/2024,21/05/2024,25/04/2024,Jouan,1.5,,,,,,,
847,210,Privet,15,3,5/09/2024,21/05/2024,25/04/2024,Jouan,2.5,,,,,,,
848,210,Nightshade,15,3,5/09/2024,21/05/2024,25/04/2024,Jouan,16,,,,,,,
849,69,Manuka Sapling,21,5,29/04/2024,19/05/2024,23/05/2024,Jouan,3,,,,,,,
850,69,Manuka Seedling,21,5,29/04/2024,19/05/2024,23/05/2024,Jouan,1,,,,,,,
851,69,Wattle,21,5,29/04/2024,19/05/2024,23/05/2024,Jouan,0.25,,,,,,,
852,69,Privet,21,5,29/04/2024,19/05/2024,23/05/2024,Jouan,0.25,,,,,,,
853,233,Manuka Sapling,3,3,5/09/2024,21/05/2024,25/04/2024,contherm,36,,,,,,,
854,233,Manuka Seedling,3,3,5/09/2024,21/05/2024,25/04/2024,Jouan,0.5,,,,,,,
855,233,Privet,3,3,5/09/2024,21/05/2024,25/04/2024,Jouan,2,,,,,,,
856,233,Nightshade,3,3,5/09/2024,21/05/2024,25/04/2024,Jouan,0.1,,,,,,,
857,30,Manuka Sapling,20,5,29/04/2024,19/05/2024,23/05/2024,Jouan,29,,,,,,,
858,30,Manuka Seedling,20,5,29/04/2024,19/05/2024,23/05/2024,Jouan,1,,,,,,,
859,30,Wattle,20,5,,,,,,,,,,,,
860,30,Privet,20,5,29/04/2024,19/05/2024,23/05/2024,Jouan,2,,,,,,,
861,111,Manuka Sapling,1,1,,,,,,,,,,,,
862,111,Manuka Seedling,1,1,5/09/2024,21/05/2024,25/04/2024,Jouan,0.25,,,,,,,
863,111,Manuka Seedling,1,1,5/09/2024,21/05/2024,25/04/2024,Jouan,0.1,,,,,,,
864,111,Manuka Seedling,1,1,5/09/2024,21/05/2024,25/04/2024,Jouan,1.5,,,,,,,
865,68,Manuka Sapling,21,5,29/04/2024,19/05/2024,23/05/2024,Jouan,13,,,,,,,
866,68,Manuka Seedling,21,5,5/01/2024,19/05/2024,25/04/2024,Jouan,0.5,,,,,,,
867,68,Wattle,21,5,29/04/2024,19/05/2024,23/05/2024,Jouan,24,,,,,,,
868,68,Privet,21,5,,,,,,,,,,,,
869,128,Manuka Sapling,18,4,29/04/2024,19/05/2024,23/05/2024,Jouan,42,,,,,,,
870,128,Manuka Seedling,18,4,29/04/2024,19/05/2024,23/05/2024,Jouan,1,,,,,,,
871,128,Wattle,18,4,29/04/2024,19/05/2024,23/05/2024,Jouan,0.25,,,,,,,
872,128,Nightshade,18,4,29/04/2024,19/05/2024,23/05/2024,Jouan,2,,,,,,,
873,91,Manuka Sapling,8,8,5/09/2024,21/05/2024,25/04/2024,contherm,13,,,,,,,
874,91,Privet,8,8,5/09/2024,21/05/2024,25/04/2024,Jouan,14.5,,,,,,,
875,91,Privet,8,8,5/09/2024,21/05/2024,25/04/2024,contherm,1,,,,,,,
876,91,Privet,8,8,5/09/2024,21/05/2024,25/04/2024,contherm,11,,,,,,,
877,149,Manuka Sapling,8,8,5/09/2024,21/05/2024,25/04/2024,Jouan,54,,,,,,,
878,149,Privet,8,8,5/09/2024,21/05/2024,25/04/2024,Jouan,4,,,,,,,
879,149,Privet,8,8,5/09/2024,21/05/2024,25/04/2024,Jouan,4.5,,,,,,,
880,149,Privet,8,8,5/09/2024,21/05/2024,25/04/2024,Jouan,5.5,,,,,,,
881,78,Manuka Sapling,14,3,5/09/2024,21/05/2024,25/04/2024,Jouan,2,,,,,,,
882,78,Manuka Seedling,14,3,5/09/2024,21/05/2024,25/04/2024,Jouan,1.5,,,,,,,
883,78,Privet,14,3,5/09/2024,21/05/2024,25/04/2024,Jouan,2,,,,,,,
884,78,Nightshade,14,3,5/09/2024,21/05/2024,25/04/2024,Jouan,1.5,,,,,,,
885,204,Manuka Sapling,17,4,29/04/2024,19/05/2024,25/04/2024,Jouan,40,,,,,,,
886,204,Manuka Seedling,17,4,29/04/2024,19/05/2024,23/05/2024,Jouan,1,,,,,,,
887,204,Wattle,17,4,29/04/2024,19/05/2024,23/05/2024,Jouan,0.25,,,,,,,
888,204,Nightshade,17,4,29/04/2024,19/05/2024,23/05/2024,Jouan,9,,,,,,,
889,119,Manuka Sapling,20,5,29/04/2024,19/05/2024,25/04/2024,Jouan,27,,,,,,,
890,119,Manuka Seedling,20,5,29/04/2024,19/05/2024,25/04/2024,Jouan,2,,,,,,,
891,119,Wattle,20,5,29/04/2024,19/05/2024,25/04/2024,Jouan,4,,,,,,,
892,119,Privet,20,5,29/04/2024,19/05/2024,25/04/2024,Jouan,6,,,,,,,
893,39,Manuka Sapling,6,6,5/09/2024,21/05/2024,25/04/2024,Jouan,42,,,,,,,
894,39,Nightshade,6,6,5/09/2024,21/05/2024,25/04/2024,Jouan,8.5,,,,,,,
895,39,Nightshade,6,6,5/09/2024,21/05/2024,25/04/2024,Jouan,4,,,,,,,
896,39,Nightshade,6,6,5/09/2024,21/05/2024,25/04/2024,Jouan,5.5,,,,,,,
897,139,Manuka Sapling,14,3,5/09/2024,21/05/2024,25/04/2024,Jouan,36,,,,,,,
898,139,Manuka Seedling,14,3,5/09/2024,21/05/2024,25/04/2024,Jouan,0.5,,,,,,,
899,139,Privet,14,3,5/09/2024,21/05/2024,25/04/2024,Jouan,1.5,,,,,,,
900,139,Nightshade,14,3,5/09/2024,21/05/2024,25/04/2024,Jouan,0.1,,,,,,,
901,215,Manuka Sapling,14,3,5/09/2024,21/05/2024,25/04/2024,Jouan,33,,,,,,,
902,215,Manuka Seedling,14,3,5/09/2024,21/05/2024,25/04/2024,Jouan,0.25,,,,,,,
903,215,Privet,14,3,5/09/2024,21/05/2024,25/04/2024,Jouan,14,,,,,,,
904,215,Nightshade,14,3,5/09/2024,21/05/2024,25/04/2024,Jouan,3.5,,,,,,,
905,163,Manuka Sapling,16,4,29/04/2024,19/05/2024,25/04/2024,Jouan,44,,,,,,,
906,163,Manuka Seedling,16,4,29/04/2024,19/05/2024,25/04/2024,Jouan,2,,,,,,,
907,163,Wattle,16,4,29/04/2024,19/05/2024,25/04/2024,Jouan,4,,,,,,,
908,163,Nightshade,16,4,29/04/2024,19/05/2024,25/04/2024,Jouan,1,,,,,,,
909,105,Manuka Sapling,17,4,29/04/2024,19/05/2024,23/05/2024,contherm,7,,,,,,,
910,105,Manuka Seedling,17,4,29/04/2024,19/05/2024,23/05/2024,contherm,0.5,,,,,,,
911,105,Wattle,17,4,29/04/2024,19/05/2024,23/05/2024,contherm,0.25,,,,,,,
912,105,Nightshade,17,4,,,,,,,,,,,,
913,81,Manuka Sapling,17,4,29/04/2024,19/05/2024,25/04/2024,Jouan,29,,,,,,,
914,81,Manuka Seedling,17,4,29/04/2024,19/05/2024,25/04/2024,Jouan,1,,,,,,,
915,81,Wattle,17,4,29/04/2024,19/05/2024,25/04/2024,Jouan,0.75,,,,,,,
916,81,Nightshade,17,4,29/04/2024,19/05/2024,25/04/2024,Jouan,1,,,,,,,
917,231,Manuka Sapling,18,4,29/04/2024,19/05/2024,23/05/2024,contherm,22,,,,,,,
918,231,Manuka Seedling,18,4,29/04/2024,19/05/2024,23/05/2024,contherm,0.5,,,,,,,
919,231,Wattle,18,4,29/04/2024,19/05/2024,23/05/2024,contherm,0.5,,,,,,,
920,231,Nightshade,18,4,29/04/2024,19/05/2024,23/05/2024,contherm,1,,,,,,,
921,244,Manuka Sapling,18,4,29/04/2024,19/05/2024,23/05/2024,contherm,19,,,,,,,
922,244,Manuka Seedling,18,4,29/04/2024,19/05/2024,23/05/2024,contherm,1,,,,,,,
923,244,Wattle,18,4,29/04/2024,19/05/2024,23/05/2024,contherm,2,,,,,,,
924,244,Nightshade,18,4,29/04/2024,19/05/2024,23/05/2024,contherm,0.5,,,,,,,
925,32,Manuka Sapling,19,5,29/04/2024,19/05/2024,23/05/2024,contherm,8,,,,,,,
926,32,Manuka Seedling,19,5,29/04/2024,19/05/2024,23/05/2024,contherm,0.5,,,,,,,
927,32,Wattle,19,5,29/04/2024,19/05/2024,23/05/2024,contherm,1,,,,,,,
928,32,Privet,19,5,29/04/2024,19/05/2024,23/05/2024,contherm,4,,,,,,,
929,248,Manuka Sapling,10,2,29/04/2024,19/05/2024,23/05/2024,contherm,36,,,,,,,
930,248,Wattle,10,2,,,,,,,,,,,,
931,248,Privet,10,2,29/04/2024,19/05/2024,23/05/2024,contherm,1,,,,,,,
932,248,Nightshade,10,2,29/04/2024,19/05/2024,23/05/2024,contherm,0.25,,,,,,,
933,170,Manuka Sapling,6,6,,,,,,,,,,,,
934,170,Nightshade,6,6,5/09/2024,21/05/2024,25/04/2024,contherm,0.5,,,,,,,
935,170,Nightshade,6,6,5/09/2024,21/05/2024,25/04/2024,contherm,2.5,,,,,,,
936,170,Nightshade,6,6,5/09/2024,21/05/2024,25/04/2024,contherm,0.25,,,,,,,
937,185,Manuka Sapling,11,2,,,,,,,,,,,,
938,185,Wattle,11,2,29/04/2024,19/05/2024,23/05/2024,contherm,0.25,,,,,,,
939,185,Privet,11,2,29/04/2024,19/05/2024,23/05/2024,contherm,2,,,,,,,
940,185,Nightshade,11,2,29/04/2024,19/05/2024,23/05/2024,contherm,0.25,,,,,,,
941,94,Manuka Sapling,20,5,,,,,,,,,,,,
942,94,Manuka Seedling,20,5,29/04/2024,19/05/2024,23/05/2024,contherm,1,,,,,,,
943,94,Wattle,20,5,29/04/2024,19/05/2024,23/05/2024,contherm,1,,,,,,,
944,94,Privet,20,5,29/04/2024,19/05/2024,23/05/2024,contherm,4,,,,,,,
945,26,Manuka Sapling,3,3,,,,,,,,,,,,
946,26,Manuka Seedling,3,3,5/09/2024,21/05/2024,25/04/2024,Jouan,2.5,,,,,,,
947,26,Privet,3,3,,,,,,,,,,,,
948,26,Nightshade,3,3,,,,,,,,,,,,
949,14,Manuka Sapling,6,6,,,,,,,,,,,,
950,14,Nightshade,6,6,5/09/2024,21/05/2024,25/04/2024,contherm,8.5,,,,,,,
951,14,Nightshade,6,6,5/09/2024,21/05/2024,25/04/2024,contherm,0.5,,,,,,,
952,14,Nightshade,6,6,5/09/2024,21/05/2024,25/04/2024,contherm,3,,,,,,,
953,90,Manuka Sapling,13,3,,,,,,,,,,,,
954,90,Manuka Seedling,13,3,,,,,,,,,,,,
955,90,Privet,13,3,5/09/2024,21/05/2024,25/04/2024,Jouan,3.5,,,,,,,
956,90,Nightshade,13,3,,,,,,,,,,,,
957,17,Manuka Sapling,7,7,,,,,,,,,,,,
958,17,Wattle,7,7,29/04/2024,19/05/2024,23/05/2024,contherm,4,,,,,,,
959,17,Wattle,7,7,29/04/2024,17/05/2024,22/05/2024,contherm,0.5,,,,,,,
960,17,Wattle,7,7,27/04/2024,17/05/2024,22/05/2024,contherm,4,,,,,,,
961,83,Manuka Sapling,extra,,,,,,,,,,,,,
962,84,,extra,,,,,,,,,,,,,
963,85,,extra,,,,,,,,,,,,,
964,86,,extra,,,,,,,,,,,,,
965,46,Manuka Sapling,11,2,5/01/2024,21/05/2024,25/04/2024,contherm,10,,,,,,,
966,46,Wattle,11,2,29/04/2024,17/05/2024,22/05/2024,contherm,0.5,,,,,,,
967,46,Privet,11,2,29/04/2024,17/05/2024,22/05/2024,contherm,1,,,,,,,
968,46,Nightshade,11,2,29/04/2024,17/05/2024,22/05/2024,contherm,0.5,,,,,,,
969,160,Manuka Sapling,18,4,,,,,,,,,,,,
970,160,Manuka Seedling,18,4,29/04/2024,19/05/2024,23/05/2024,contherm,1,,,,,,,
971,160,Wattle,18,4,29/04/2024,19/05/2024,23/05/2024,contherm,0.25,,,,,,,
972,160,Nightshade,18,4,29/04/2024,19/05/2024,23/05/2024,contherm,2,,,,,,,
973,220,Manuka Sapling,21,5,,,,,,,,,,,,
974,220,Manuka Seedling,21,5,,,,,,,,,,,,
975,220,Wattle,21,5,29/04/2024,17/05/2024,22/05/2024,contherm,0.5,,,,,,,
976,220,Privet,21,5,29/04/2024,17/05/2024,22/05/2024,contherm,1,,,,,,,
977,88,Manuka Sapling,16,4,,,,,,,,,,,,
978,88,Manuka Seedling,16,4,,,,,,,,,,,,
979,88,Wattle,16,4,,,,,,,,,,,,
980,88,Nightshade,16,4,,,,,,,,,,,,
981,132,Manuka Sapling,11,2,,,,,,,,,,,,
982,132,Wattle,11,2,29/04/2024,17/05/2024,22/05/2024,contherm,0.5,,,,,,,
983,132,Privet,11,2,29/04/2024,17/05/2024,22/05/2024,contherm,1,,,,,,,
984,132,Nightshade,11,2,29/04/2024,17/05/2024,22/05/2024,contherm,0.5,,,,,,,
985,127,Manuka Sapling,10,2,,,,,,,,,,,,
986,127,Wattle,10,2,,,,,,,,,,,,
987,127,Privet,10,2,,,,,,,,,,,,
988,127,Nightshade,10,2,,,,,,,,,,,,
989,2,Manuka Sapling,1,1,,,,,,,,,,,,
990,2,Manuka Seedling,1,1,5/09/2024,21/05/2024,25/04/2024,contherm,0.5,,,,,,,
991,2,Manuka Seedling,1,1,5/09/2024,21/05/2024,25/04/2024,contherm,1,,,,,,,
992,2,Manuka Seedling,1,1,5/09/2024,21/05/2024,25/04/2024,contherm,0.25,,,,,,,
993,199,Manuka Sapling,5,5,,,,,,,,,,,,
994,199,Manuka Seedling,5,5,29/04/2024,17/05/2024,22/05/2024,contherm,1,,,,,,,
995,199,Wattle,5,5,29/04/2024,17/05/2024,22/05/2024,contherm,0.25,,,,,,,
996,199,Privet,5,5,29/04/2024,17/05/2024,22/05/2024,contherm,1,,,,,,,
997,179,Manuka Sapling,17,4,,,,,,,,,,,,
998,179,Manuka Seedling,17,4,29/04/2024,17/05/2024,22/05/2024,contherm,1,,,,,,,
999,179,Wattle,17,4,29/04/2024,17/05/2024,22/05/2024,contherm,44,,,,,,,
1000,179,Nightshade,17,4,29/04/2024,17/05/2024,22/05/2024,contherm,5,,,,,,,
1001,104,Manuka Sapling,1,1,,,,,,,,,,,,
1002,104,Manuka Seedling,1,1,5/09/2024,21/05/2024,25/04/2024,contherm,0.25,,,,,,,
1003,104,Manuka Seedling,1,1,5/09/2024,21/05/2024,25/04/2024,contherm,1,,,,,,,
1004,104,Manuka Seedling,1,1,5/09/2024,21/05/2024,25/04/2024,contherm,0.5,,,,,,,
1005,19,Manuka Sapling,15,3,,,,,,,,,,,,
1006,19,Manuka Seedling,15,3,5/09/2024,21/05/2024,25/04/2024,contherm,0.5,,,,,,,
1007,19,Privet,15,3,5/09/2024,21/05/2024,25/04/2024,contherm,11,,,,,,,
1008,19,Nightshade,15,3,5/09/2024,21/05/2024,25/04/2024,contherm,14.5,,,,,,,
1009,23,Manuka Sapling,9,2,,,,,,,,,,,,
1010,23,Wattle,9,2,29/04/2024,17/05/2024,22/05/2024,contherm,0.5,,,,,,,
1011,23,Privet,9,2,29/04/2024,17/05/2024,22/05/2024,contherm,1,,,,,,,
1012,23,Nightshade,9,2,29/04/2024,17/05/2024,22/05/2024,contherm,4,,,,,,,
1013,82,Manuka Sapling,17,4,,,,,,,,,,,,
1014,82,Manuka Seedling,17,4,29/04/2024,17/05/2024,22/05/2024,contherm,1,,,,,,,
1015,82,Wattle,17,4,29/04/2024,17/05/2024,22/05/2024,contherm,1,,,,,,,
1016,82,Nightshade,17,4,29/04/2024,17/05/2024,22/05/2024,contherm,1,,,,,,,
1017,143,Manuka Sapling,8,8,,,,,,,,,,,,
1018,143,Privet,8,8,5/09/2024,21/05/2024,25/04/2024,contherm,9,,,,,,,
1019,143,Privet,8,8,5/09/2024,21/05/2024,25/04/2024,contherm,7,,,,,,,
1020,143,Privet,8,8,5/09/2024,21/05/2024,25/04/2024,contherm,5.5,,,,,,,
,,,,,,,,,,,,,,,,
,,,,,,,,,,,,,,,,
,,,,,,,,,,,,,,,,
,,,,,,,,,,,,,,,,
,,,,,,,,,,,,,,,,
,,,,,,,,,,,,,,,,
,,,,,,,,,,,,,,,,
,,,,,,,,,,,,,,,,
,,,,,,,,,,,,,,,,
,,,,,,,,,,,,,,,,
,,,,,,,,,,,,,,,,
,,,,,,,,,,,,,,,,
,,,,,,,,,,,,,,,,
,,,,,,,,,,,,,,,,
,,,,,,,,,,,,,,,,
,,,,,,,,,,,,,,,,
,,,,,,,,,,,,,,,,
,,,,,,,,,,,,,,,,
,,,,,,,,,,,,,,,,
,,,,,,,,,,,,,,,,
,,,,,,,,,,,,,,,,
,,,,,,,,,,,,,,,,
,,,,,,,,,,,,,,,,
,,,,,,,,,,,,,,,,
,,,,,,,,,,,,,,,,
,,,,,,,,,,,,,,,,
,,,,,,,,,,,,,,,,
,,,,,,,,,,,,,,,,
,,,,,,,,,,,,,,,,
,,,,,,,,,,,,,,,,
,,,,,,,,,,,,,,,,
,,,,,,,,,,,,,,,,
,,,,,,,,,,,,,,,,
,,,,,,,,,,,,,,,,
,,,,,,,,,,,,,,,,
,,,,,,,,,,,,,,,,
,,,,,,,,,,,,,,,,
,,,,,,,,,,,,,,,,
,,,,,,,,,,,,,,,,
,,,,,,,,,,,,,,,,
,,,,,,,,,,,,,,,,
,,,,,,,,,,,,,,,,
